acc_x,acc_y,acc_z
-0.017725,-0.041243,9.810581
-0.032495,-0.070987,9.812908
-0.028974,-0.062780,9.812450
-0.030586,-0.067256,9.812563
-0.029637,-0.064031,9.813531
-0.029961,-0.066487,9.812255
-0.029562,-0.064065,9.813146
-0.029492,-0.065900,9.812892
-0.029703,-0.064302,9.812829
-0.029687,-0.065336,9.812844
-0.029463,-0.064853,9.812169
-0.029410,-0.065106,9.812838
-0.029527,-0.065395,9.811876
-0.029396,-0.064675,9.812998
-0.029511,-0.065076,9.812582
-0.029179,-0.064670,9.813252
-0.029766,-0.064613,9.813119
-0.029268,-0.064177,9.813307
-0.030033,-0.064046,9.813604
-0.028522,-0.063818,9.813450
-0.029686,-0.064276,9.813504
-0.028445,-0.063879,9.813490
-0.029042,-0.063959,9.813932
-0.028638,-0.063989,9.814173
-0.028976,-0.064215,9.813934
-0.029750,-0.063689,9.813949
-0.029236,-0.063608,9.814081
-0.030102,-0.063691,9.813665
-0.029754,-0.063707,9.814122
-0.029821,-0.063666,9.813495
-0.029809,-0.063147,9.813387
-0.030242,-0.063331,9.813264
-0.029771,-0.062970,9.814040
-0.029597,-0.063223,9.813825
-0.029249,-0.062986,9.813146
-0.029468,-0.062429,9.813992
-0.029413,-0.063380,9.813364
-0.029686,-0.063066,9.813161
-0.029307,-0.062601,9.812887
-0.029314,-0.062927,9.813230
-0.028498,-0.062468,9.812705
-0.029278,-0.062713,9.812343
-0.028763,-0.062031,9.812416
-0.028726,-0.062452,9.812338
-0.028981,-0.062346,9.811331
-0.029004,-0.061940,9.811621
-0.028564,-0.062194,9.812107
-0.029130,-0.061976,9.811477
-0.028381,-0.061658,9.810635
-0.029217,-0.061597,9.811106
-0.028652,-0.062005,9.811120
-0.029269,-0.061680,9.811829
-0.028970,-0.061699,9.811957
-0.029192,-0.061937,9.810849
-0.029245,-0.061443,9.811878
-0.029437,-0.061895,9.811806
-0.028677,-0.061062,9.811787
-0.028822,-0.061552,9.811581
-0.028402,-0.060381,9.811425
-0.028324,-0.061674,9.811680
-0.028501,-0.061051,9.811235
-0.028557,-0.061745,9.812011
-0.028582,-0.061357,9.810973
-0.028632,-0.061489,9.811658
-0.028152,-0.061558,9.812631
-0.028742,-0.061464,9.812221
-0.028402,-0.060718,9.813185
-0.028164,-0.061342,9.812756
-0.027662,-0.060960,9.812668
-0.028700,-0.061033,9.813563
-0.027871,-0.060990,9.812851
-0.027786,-0.061100,9.813059
-0.027997,-0.061646,9.812683
-0.027477,-0.061293,9.812745
-0.027980,-0.061300,9.812695
-0.027319,-0.061272,9.812465
-0.027560,-0.060692,9.812458
-0.027241,-0.061450,9.812618
-0.027691,-0.061033,9.812299
-0.027595,-0.061203,9.813142
-0.027739,-0.060638,9.812803
-0.027622,-0.061512,9.813161
-0.027323,-0.060736,9.812173
-0.027872,-0.060431,9.812992
-0.027465,-0.060326,9.812515
-0.027454,-0.060440,9.813005
-0.027476,-0.060644,9.812608
-0.027651,-0.060284,9.813121
-0.027696,-0.060767,9.813202
-0.027789,-0.060152,9.812637
-0.027700,-0.060517,9.812776
-0.027989,-0.059859,9.812429
-0.028413,-0.059341,9.812895
-0.028164,-0.059869,9.812723
-0.028409,-0.059624,9.812879
-0.028243,-0.059601,9.812700
-0.027963,-0.059097,9.812852
-0.027915,-0.059360,9.813592
-0.027976,-0.059023,9.812619
-0.027959,-0.059372,9.813133
-0.027351,-0.058413,9.813149
-0.028342,-0.058613,9.813125
-0.027313,-0.058544,9.813478
-0.028028,-0.058114,9.813128
-0.027266,-0.058928,9.812631
-0.027949,-0.058218,9.813400
-0.027184,-0.058091,9.813039
-0.027932,-0.057744,9.813643
-0.027100,-0.058310,9.813446
-0.027632,-0.058281,9.813442
-0.027993,-0.058119,9.813323
-0.027308,-0.057825,9.813047
-0.027547,-0.058261,9.813245
-0.026693,-0.058232,9.813404
-0.027597,-0.057855,9.813089
-0.027593,-0.058388,9.813310
-0.027515,-0.058007,9.812739
-0.027555,-0.057060,9.812933
-0.027104,-0.057763,9.812519
-0.027882,-0.057691,9.812488
-0.027058,-0.058008,9.812885
-0.027077,-0.057824,9.812928
-0.027059,-0.058034,9.813099
-0.026161,-0.057091,9.812162
-0.026772,-0.057567,9.812749
-0.026400,-0.057710,9.813162
-0.026457,-0.057220,9.813030
-0.026747,-0.057710,9.812462
-0.027017,-0.057340,9.812284
-0.026507,-0.057706,9.813011
-0.026467,-0.057331,9.812525
-0.026521,-0.057706,9.812276
-0.026106,-0.057535,9.812091
-0.026208,-0.057462,9.812702
-0.025049,-0.057197,9.812467
-0.026304,-0.057214,9.812617
-0.025331,-0.057255,9.812913
-0.025840,-0.057103,9.813308
-0.025251,-0.057872,9.811991
-0.026228,-0.056619,9.813334
-0.025072,-0.057657,9.812765
-0.025487,-0.056949,9.813259
-0.025553,-0.057301,9.812871
-0.025091,-0.057408,9.812470
-0.026100,-0.057475,9.813342
-0.024784,-0.057470,9.813194
-0.025270,-0.057218,9.812452
-0.024888,-0.057843,9.812354
-0.025348,-0.056144,9.812673
-0.025021,-0.057898,9.812887
-0.024855,-0.056730,9.812405
-0.026048,-0.057319,9.813178
-0.024781,-0.057497,9.812567
-0.025913,-0.056266,9.812394
-0.024978,-0.057857,9.812309
-0.025577,-0.055744,9.812244
-0.025185,-0.057742,9.812904
-0.025036,-0.056499,9.812338
-0.025903,-0.057328,9.812269
-0.025069,-0.056479,9.811992
-0.025110,-0.056428,9.812051
-0.024920,-0.055977,9.812569
-0.025172,-0.056067,9.812084
-0.025473,-0.055806,9.811929
-0.025156,-0.054984,9.812139
-0.025520,-0.055882,9.811676
-0.025450,-0.055356,9.811727
-0.025869,-0.054984,9.811990
-0.025502,-0.054782,9.812065
-0.025931,-0.054495,9.812116
-0.026099,-0.054828,9.810870
-0.025732,-0.053914,9.811840
-0.025498,-0.054288,9.812088
-0.025392,-0.053458,9.812633
-0.025755,-0.054911,9.812218
-0.025587,-0.053733,9.812494
-0.025480,-0.054354,9.813251
-0.025973,-0.053725,9.813038
-0.025952,-0.053810,9.812429
-0.025669,-0.053544,9.813069
-0.025632,-0.053016,9.812891
-0.026589,-0.052944,9.813167
-0.025677,-0.053045,9.813316
-0.025890,-0.052477,9.812950
-0.025440,-0.053284,9.813351
-0.025110,-0.052639,9.813306
-0.025518,-0.052916,9.812941
-0.024882,-0.052416,9.813758
-0.025383,-0.052739,9.813214
-0.024860,-0.052629,9.813465
-0.024742,-0.053131,9.814241
-0.025058,-0.052852,9.813273
-0.025257,-0.052640,9.813417
-0.024403,-0.053269,9.813246
-0.024964,-0.052856,9.813222
-0.024651,-0.053420,9.813188
-0.024203,-0.052883,9.813134
-0.024601,-0.053683,9.813470
-0.024325,-0.053428,9.813229
-0.024134,-0.053481,9.813523
-0.023799,-0.053583,9.813083
-0.023602,-0.053770,9.813052
-0.024057,-0.053327,9.812802
-0.023639,-0.053325,9.812805
-0.023271,-0.054400,9.812788
-0.023320,-0.054258,9.812011
-0.023244,-0.053775,9.812043
-0.023144,-0.053745,9.812056
-0.022891,-0.053671,9.812374
-0.023807,-0.053800,9.812522
-0.023197,-0.053537,9.812166
-0.023680,-0.054016,9.812588
-0.023522,-0.054018,9.812360
-0.023070,-0.054011,9.811442
-0.023355,-0.053754,9.811918
-0.022769,-0.054194,9.812446
-0.022925,-0.053421,9.811601
-0.022699,-0.052930,9.812634
-0.023285,-0.053596,9.812244
-0.023011,-0.053422,9.812977
-0.023609,-0.053334,9.812165
-0.023876,-0.052979,9.812399
-0.022945,-0.052738,9.812718
-0.023654,-0.053085,9.812641
-0.023520,-0.053402,9.812354
-0.023119,-0.052237,9.812402
-0.023979,-0.052341,9.812726
-0.023387,-0.052308,9.812878
-0.023419,-0.052112,9.812729
-0.023446,-0.051141,9.813223
-0.024359,-0.051083,9.813034
-0.024270,-0.051068,9.813737
-0.024232,-0.050840,9.813983
-0.024138,-0.050570,9.813997
-0.024971,-0.050034,9.814040
-0.024441,-0.049716,9.814243
-0.024339,-0.050013,9.813778
-0.024038,-0.049760,9.813710
-0.024097,-0.049490,9.813862
-0.024361,-0.049237,9.814057
-0.023172,-0.049275,9.814182
-0.024316,-0.049304,9.813835
-0.023561,-0.048559,9.813393
-0.024043,-0.048697,9.812839
-0.023232,-0.048408,9.812883
-0.023281,-0.048484,9.813120
-0.023019,-0.048196,9.813089
-0.022992,-0.048274,9.812585
-0.022647,-0.047648,9.813523
-0.022966,-0.048530,9.812988
-0.022392,-0.047925,9.812535
-0.022720,-0.048187,9.813186
-0.021916,-0.048078,9.812682
-0.022438,-0.047184,9.812667
-0.021797,-0.047750,9.812813
-0.022448,-0.047643,9.813027
-0.022364,-0.048637,9.812355
-0.021594,-0.047874,9.813049
-0.021467,-0.048415,9.812160
-0.021479,-0.048194,9.812052
-0.021891,-0.049078,9.811702
-0.021748,-0.048528,9.811918
-0.021116,-0.048842,9.811672
-0.020893,-0.048299,9.811604
-0.021375,-0.049085,9.811869
-0.021553,-0.049181,9.811430
-0.020615,-0.049119,9.811606
-0.021407,-0.049294,9.811415
-0.021308,-0.048526,9.812460
-0.021955,-0.049167,9.811253
-0.021481,-0.049056,9.812005
-0.021763,-0.049244,9.812702
-0.021784,-0.049796,9.811670
-0.022286,-0.048747,9.813002
-0.021817,-0.049636,9.812672
-0.022063,-0.049074,9.813466
-0.021538,-0.048612,9.813639
-0.022218,-0.049182,9.813229
-0.021628,-0.048957,9.813474
-0.022057,-0.048945,9.813425
-0.022077,-0.048763,9.813825
-0.022796,-0.048868,9.814234
-0.022717,-0.048567,9.814030
-0.022342,-0.048814,9.813962
-0.022404,-0.048350,9.814487
-0.022994,-0.048110,9.814443
-0.022762,-0.047964,9.814775
-0.023360,-0.047992,9.814322
-0.022672,-0.047877,9.814467
-0.023625,-0.048108,9.814294
-0.023016,-0.047472,9.815223
-0.023419,-0.046963,9.813732
-0.023339,-0.046851,9.813888
-0.023622,-0.047631,9.814082
-0.022900,-0.047306,9.813458
-0.022935,-0.046760,9.813463
-0.022876,-0.046969,9.814177
-0.023014,-0.046540,9.813758
-0.022679,-0.047020,9.813246
-0.022685,-0.046613,9.812982
-0.022695,-0.046446,9.812866
-0.021919,-0.046015,9.812837
-0.022327,-0.045715,9.811827
-0.022283,-0.046257,9.811806
-0.022033,-0.046161,9.811673
-0.022266,-0.045605,9.810823
-0.022102,-0.045834,9.812071
-0.021956,-0.045677,9.811123
-0.021583,-0.045700,9.811746
-0.021627,-0.046020,9.811208
-0.021013,-0.045357,9.811256
-0.021054,-0.045610,9.811379
-0.021326,-0.045948,9.810491
-0.020332,-0.045070,9.810717
-0.020710,-0.045946,9.811185
-0.020144,-0.045940,9.811247
-0.020485,-0.046249,9.811163
-0.019481,-0.045383,9.811811
-0.019553,-0.046396,9.811717
-0.019893,-0.046232,9.811874
-0.019509,-0.046061,9.812003
-0.019975,-0.046112,9.811980
-0.019831,-0.046372,9.811919
-0.019436,-0.045968,9.812800
-0.019107,-0.046532,9.811876
-0.019910,-0.045721,9.812206
-0.020012,-0.046080,9.812542
-0.019130,-0.045991,9.811462
-0.019238,-0.045474,9.812528
-0.018609,-0.045469,9.813381
-0.018939,-0.045544,9.813301
-0.019302,-0.045737,9.813738
-0.019578,-0.045269,9.813922
-0.019313,-0.045422,9.814020
-0.019047,-0.045382,9.814379
-0.019829,-0.045357,9.814289
-0.019232,-0.045162,9.814254
-0.018535,-0.044829,9.814098
-0.019205,-0.044728,9.813599
-0.019415,-0.044380,9.814572
-0.019248,-0.044519,9.813647
-0.019740,-0.043794,9.814555
-0.020360,-0.043590,9.813675
-0.020069,-0.044109,9.814189
-0.020604,-0.043714,9.813858
-0.020146,-0.043590,9.814100
-0.020169,-0.043225,9.814420
-0.019604,-0.042867,9.814116
-0.020217,-0.043280,9.813916
-0.020250,-0.043086,9.813862
-0.020273,-0.043089,9.814079
-0.021104,-0.042665,9.814165
-0.020847,-0.042589,9.814050
-0.021818,-0.042638,9.814009
-0.020777,-0.042572,9.813564
-0.021311,-0.042719,9.813400
-0.021114,-0.042425,9.813306
-0.021341,-0.042504,9.813151
-0.020716,-0.043263,9.812116
-0.021223,-0.042625,9.812299
-0.020920,-0.042681,9.811855
-0.021918,-0.043322,9.812368
-0.021685,-0.042847,9.812124
-0.020854,-0.042676,9.811831
-0.020677,-0.043023,9.811500
-0.021277,-0.043252,9.811922
-0.021658,-0.042928,9.811852
-0.021115,-0.043122,9.811659
-0.021027,-0.043270,9.811467
-0.021014,-0.043107,9.811754
-0.020492,-0.043542,9.811814
-0.020356,-0.043248,9.812010
-0.020249,-0.042604,9.812206
-0.019983,-0.043221,9.812157
-0.019926,-0.042791,9.812181
-0.019851,-0.042846,9.812043
-0.019251,-0.042689,9.812940
-0.019376,-0.042840,9.812568
-0.019182,-0.042602,9.812928
-0.019463,-0.042394,9.812714
-0.019735,-0.042463,9.812647
-0.019327,-0.042350,9.812273
-0.018922,-0.042189,9.812373
-0.019144,-0.042230,9.812149
-0.018458,-0.042246,9.811847
-0.018210,-0.041475,9.812184
-0.018088,-0.042037,9.812422
-0.017395,-0.041489,9.812820
-0.018227,-0.041279,9.812738
-0.017881,-0.041611,9.812637
-0.017721,-0.041196,9.812144
-0.017788,-0.041339,9.812588
-0.017982,-0.041259,9.812266
-0.017034,-0.041111,9.811701
-0.017208,-0.041118,9.812225
-0.017324,-0.040964,9.812248
-0.017777,-0.040574,9.812840
-0.017097,-0.040486,9.812446
-0.017559,-0.041026,9.812857
-0.017416,-0.040212,9.812451
-0.017086,-0.040752,9.812066
-0.017389,-0.040072,9.812656
-0.017317,-0.040262,9.812729
-0.017412,-0.040315,9.812763
-0.017566,-0.039733,9.812763
-0.017846,-0.040226,9.812485
-0.017713,-0.039418,9.812449
-0.017755,-0.039728,9.813060
-0.017858,-0.039283,9.812100
-0.017881,-0.039890,9.811856
-0.018333,-0.039529,9.812133
-0.018821,-0.039652,9.812613
-0.018268,-0.039403,9.812462
-0.018362,-0.039582,9.812238
-0.018309,-0.039017,9.812245
-0.018696,-0.039451,9.812555
-0.017896,-0.039089,9.813214
-0.018676,-0.039198,9.813258
-0.018556,-0.039787,9.813087
-0.018948,-0.039425,9.812871
-0.018960,-0.038747,9.813475
-0.019073,-0.039051,9.813361
-0.018632,-0.038855,9.813495
-0.018848,-0.038962,9.813736
-0.019240,-0.038877,9.814027
-0.019083,-0.038978,9.814059
-0.019111,-0.038725,9.813865
-0.018768,-0.039398,9.813795
-0.018984,-0.039373,9.814029
-0.018631,-0.038808,9.813990
-0.019150,-0.038864,9.814052
-0.018732,-0.038721,9.813864
-0.018619,-0.038554,9.813172
-0.018517,-0.038637,9.813938
-0.018895,-0.038673,9.813806
-0.018583,-0.038448,9.813480
-0.018685,-0.039251,9.813106
-0.018127,-0.038147,9.812614
-0.018230,-0.038645,9.811900
-0.018560,-0.038088,9.812094
-0.018742,-0.038464,9.812281
-0.018056,-0.037929,9.812590
-0.018041,-0.038791,9.811927
-0.018121,-0.038027,9.811806
-0.018924,-0.037835,9.812170
-0.018248,-0.037625,9.811666
-0.017769,-0.037325,9.811577
-0.017292,-0.038126,9.812296
-0.016671,-0.037945,9.811965
-0.017031,-0.037821,9.811398
-0.017269,-0.037948,9.811400
-0.017297,-0.037279,9.811450
-0.016683,-0.037615,9.811147
-0.016483,-0.036847,9.811742
-0.016971,-0.037440,9.811850
-0.016886,-0.037223,9.811385
-0.017549,-0.037345,9.811493
-0.016784,-0.037264,9.811695
-0.016333,-0.037223,9.811373
-0.016410,-0.036751,9.811489
-0.016576,-0.037398,9.812000
-0.016497,-0.036910,9.812159
-0.015855,-0.037055,9.812216
-0.016388,-0.037444,9.810998
-0.015430,-0.036795,9.811375
-0.016202,-0.036819,9.812345
-0.015818,-0.036939,9.811878
-0.015807,-0.036664,9.812013
-0.015385,-0.036414,9.812694
-0.015516,-0.037301,9.811990
-0.015571,-0.036228,9.812394
-0.015281,-0.036400,9.813050
-0.014795,-0.036515,9.812819
-0.015004,-0.036476,9.813799
-0.015105,-0.035783,9.813906
-0.015035,-0.036239,9.814079
-0.015483,-0.035600,9.814586
-0.014690,-0.035582,9.814099
-0.015111,-0.035283,9.814141
-0.014602,-0.035347,9.813993
-0.015004,-0.035398,9.814329
-0.014765,-0.035456,9.814923
-0.014600,-0.035495,9.814606
-0.015248,-0.035914,9.815194
-0.015058,-0.035273,9.815128
-0.015806,-0.035359,9.814904
-0.015344,-0.035715,9.814837
-0.015541,-0.035529,9.814877
-0.015465,-0.035340,9.815056
-0.015797,-0.035605,9.814599
-0.016198,-0.035357,9.814816
-0.016298,-0.035845,9.814559
-0.016459,-0.034878,9.814449
-0.015587,-0.035525,9.814363
-0.016747,-0.035497,9.813584
-0.016582,-0.035326,9.813352
-0.016580,-0.035598,9.813173
-0.016702,-0.035573,9.812936
-0.016889,-0.035078,9.812654
-0.016530,-0.035025,9.812285
-0.016275,-0.035053,9.812313
-0.016461,-0.034531,9.811959
-0.016377,-0.034875,9.811430
-0.016565,-0.034573,9.811230
-0.016204,-0.035145,9.811176
-0.016719,-0.034282,9.811235
-0.016825,-0.033490,9.810997
-0.016203,-0.034233,9.810897
-0.015743,-0.033584,9.810444
-0.016459,-0.033816,9.810635
-0.016033,-0.033676,9.811435
-0.015910,-0.033665,9.810539
-0.015868,-0.033286,9.810123
-0.015662,-0.033206,9.808529
-0.015595,-0.033177,9.807837
-0.015808,-0.033347,9.807891
-0.014749,-0.032934,9.805969
-0.014439,-0.032426,9.801931
-0.012912,-0.032457,9.799041
-0.013111,-0.032676,9.797056
-0.012854,-0.032590,9.797717
-0.012286,-0.032105,9.791582
-0.009480,-0.031198,9.775814
-0.006510,-0.031449,9.757687
-0.004239,-0.032287,9.753645
-0.005010,-0.033619,9.766364
-0.009976,-0.033868,9.795416
-0.014225,-0.033453,9.818134
-0.020300,-0.033264,9.841309
-0.017184,-0.031434,9.839476
-0.010518,-0.029405,9.820523
-0.002032,-0.030830,9.792042
-0.009711,-0.037074,9.827019
-0.018997,-0.032666,9.880489
-0.001507,-0.027513,9.827065
0.002648,-0.026790,9.758148
-0.002190,-0.032375,9.730123
0.028356,-0.033327,9.668064
0.029383,-0.033920,9.640490
-0.002378,-0.044513,9.731943
-0.021340,-0.045718,9.876216
-0.011328,-0.024057,9.861428
0.011342,-0.023556,9.706296
0.001678,-0.036041,9.668441
0.011635,-0.033591,9.695051
0.022549,-0.036818,9.757644
-0.021704,-0.035142,9.898420
-0.053078,-0.026214,10.010762
-0.032109,-0.025091,9.996120
-0.028465,-0.004868,9.895031
0.024401,-0.026191,9.739714
0.014559,-0.061580,9.780058
-0.050330,-0.062842,10.065886
-0.038966,-0.046825,10.196388
-0.012058,-0.022128,10.026517
-0.004280,-0.021528,9.832009
-0.015720,-0.042094,9.871230
-0.020066,-0.044206,9.998052
-0.037444,-0.050866,10.093774
-0.057491,-0.050393,10.120651
-0.045903,-0.040253,10.001648
-0.000619,-0.026492,9.738434
-0.058169,-0.028452,9.766225
-0.177274,-0.027096,10.171528
-0.059249,0.002781,10.129676
-0.006473,-0.012407,9.857658
-0.049399,-0.054721,9.769551
-0.035915,-0.045911,9.798380
-0.052976,-0.002245,9.832155
-0.134071,-0.020015,9.890387
-0.089741,0.007465,9.699249
0.003203,-0.016141,9.468029
-0.054221,-0.029284,9.448101
-0.091002,-0.027444,9.748546
-0.043149,-0.021264,9.855547
-0.044732,0.010571,9.737919
-0.018115,-0.014980,9.542589
0.030233,-0.075530,9.379596
0.005547,-0.064711,9.575404
-0.083617,-0.021944,9.866271
-0.009170,-0.000156,10.012048
-0.085942,0.045370,9.994341
0.050500,-0.001029,9.485233
0.126894,-0.069304,9.273458
0.013219,-0.122384,9.732589
0.079501,-0.120698,10.144509
0.085916,-0.018415,10.207994
0.001167,-0.011560,10.255181
-0.082767,-0.087340,10.282948
-0.120748,-0.051725,10.363216
-0.034181,0.029810,10.149600
0.030339,-0.053964,9.784802
0.125771,-0.074661,9.554631
0.103708,-0.074460,9.607709
0.030858,-0.076122,9.814358
-0.085546,-0.009603,10.005733
-0.135943,-0.028793,10.064101
-0.186501,-0.007832,9.839322
-0.180760,-0.046960,9.812276
-0.165899,-0.011387,9.818130
-0.166522,-0.030430,9.872426
-0.269935,-0.045799,10.086545
-0.206535,0.026775,10.039745
-0.158751,0.026593,9.890127
-0.165792,0.009679,9.862427
-0.141444,0.003273,9.967620
-0.121200,0.009103,9.808447
-0.128153,0.032596,9.736162
-0.177828,-0.016142,9.704591
-0.164789,-0.055937,9.705352
-0.109202,-0.046351,9.745118
-0.070574,-0.027992,9.836864
0.030149,-0.037000,9.812917
0.075227,-0.027629,9.607507
0.109057,-0.003281,9.544577
0.089518,-0.061480,9.588571
-0.006998,-0.026159,9.878872
-0.083840,-0.014406,9.937704
0.008513,-0.005553,9.725715
0.059991,-0.026461,9.641900
0.043727,-0.107783,9.846397
-0.015552,-0.054211,10.130542
-0.138042,-0.022249,10.080090
-0.081948,-0.089218,10.205905
-0.002711,-0.056462,10.482482
0.038000,-0.034253,10.432979
0.106851,-0.008408,9.996570
0.010038,-0.056149,9.778096
-0.071190,-0.043409,9.977311
-0.093833,-0.032900,9.954715
-0.150458,-0.091972,10.292534
-0.107024,0.001299,9.969803
-0.160161,-0.004263,9.766697
-0.379300,0.069638,10.098559
-0.074413,-0.035721,9.592604
-0.166460,-0.006774,9.874910
-0.344212,-0.012637,10.131523
0.020661,-0.060750,9.612115
-0.098305,0.047487,9.016481
-0.042592,0.057492,8.579415
-0.088426,-0.049155,9.175913
-0.259741,-0.067580,9.962659
-0.114317,0.052822,9.825223
-0.233022,-0.065449,10.174327
0.138442,0.073435,8.957777
0.386555,0.150784,7.535333
-0.018934,-0.140661,8.562833
0.161813,0.087619,9.059628
0.036725,0.001353,9.575327
-0.533108,-0.181104,11.098874
-0.090298,-0.045418,11.351976
0.134713,-0.003581,10.534044
0.652408,0.119031,7.992317
0.717980,-0.062358,7.053488
0.560673,-0.274849,7.837378
0.401662,-0.169098,8.578984
0.135766,0.131983,10.628683
-0.033881,-0.004659,9.989246
0.416702,0.228927,8.140033
0.575415,-0.048798,7.192842
0.134687,-0.243703,8.018544
-0.007385,-0.228039,10.237526
-0.202897,0.016739,11.860435
0.271905,0.082899,10.285925
0.159231,-0.005987,9.231686
-0.185047,-0.099301,10.586061
-0.361682,0.027443,12.456211
-0.324198,0.162020,12.596697
-0.122799,-0.006168,11.505565
-0.260456,-0.102557,9.971278
-0.022002,-0.248605,9.704513
-0.403050,-0.034862,11.657224
0.318487,0.102503,10.380343
-0.014926,-0.229153,9.867841
-0.551431,0.010005,11.058418
0.070787,-0.095524,9.674692
-0.467583,-0.086836,9.557760
-0.671958,0.240969,10.632354
-0.109427,-0.203612,9.449982
-0.291212,0.132919,9.198581
0.015961,0.220339,8.418753
0.645353,-0.259921,8.040937
-0.180800,0.148322,8.456771
-0.415384,0.359288,9.620139
-0.299038,-0.046063,10.912816
-0.475772,0.214910,11.439473
-0.249993,0.106929,10.686633
0.043457,-0.034356,9.207218
0.701450,-0.167784,8.445987
0.665262,-0.186486,9.028170
0.160627,-0.357125,11.925112
-0.530063,-0.302726,15.044972
-0.434649,0.214882,14.405896
-0.044768,0.259349,11.120520
0.564741,-0.015797,7.905216
0.899523,-0.310711,6.572399
0.847831,-0.172479,7.430563
0.438207,-0.253680,8.522869
0.191976,-0.388002,9.255610
-0.437512,-0.437176,10.198635
0.723963,-0.085407,9.671643
0.051936,-0.182733,10.886186
-0.358894,0.006835,12.166005
0.008160,-0.177894,11.194083
-0.989332,0.000034,12.310514
-1.383703,-0.143250,14.762315
0.066683,0.311165,11.779532
0.198500,0.895267,6.868666
-0.441975,0.148101,6.674890
-0.197772,-0.039956,8.693374
-0.939639,0.445605,10.173950
-1.597382,0.163792,10.331868
-1.764405,-0.615084,11.341984
-1.431427,-0.005696,10.891330
-0.079884,-0.116567,8.872055
-0.241511,-0.386975,9.488577
-0.538385,-0.664385,10.142148
0.561908,0.322785,6.438322
1.062159,0.612891,3.273185
-0.756617,-0.012623,7.352649
-1.121229,0.071341,12.208307
-0.844057,0.385242,15.763392
-0.948516,0.139471,14.477604
0.034495,-0.320554,9.797833
0.064061,-0.600368,9.529024
-0.418824,-0.199585,9.629833
0.489717,0.090736,7.922786
1.268517,-0.265370,6.731704
0.376810,-0.145021,8.685278
0.201240,-0.507427,10.816000
1.032322,-0.354519,9.217080
0.185119,-0.105586,9.971139
-0.740036,-0.218580,11.301894
-0.619026,-0.195978,9.972329
-0.387044,0.281721,6.998046
-0.301070,-0.133379,5.149164
-0.136828,-0.026225,7.316639
-0.364798,0.452065,10.759385
-0.459879,0.434348,12.497685
-0.614525,0.617310,11.157697
-0.847921,-0.118107,10.603851
-0.322178,-0.205566,8.674416
1.393121,-0.640572,5.542499
0.346367,0.315895,7.216986
-0.028486,-0.272610,10.557986
0.912950,-0.538194,10.672527
0.307788,0.799607,8.493481
0.417807,0.135773,6.717430
0.488405,0.160993,6.375098
-0.349321,0.314242,7.083264
-0.436130,0.580944,7.724345
0.558229,0.668606,7.261401
0.487816,0.256474,7.859779
-0.001416,-0.206667,11.019815
0.986022,-0.393401,11.439941
1.539447,-0.622287,11.108243
0.844239,-0.277537,12.166344
0.309986,-0.045721,11.257388
0.741787,0.492619,9.931700
0.513710,0.850494,10.123189
0.655154,0.184580,11.372745
0.959045,0.043770,11.769638
1.217683,-0.426411,11.249936
2.180644,-0.391354,7.356816
1.424178,-0.776540,5.598603
0.130516,-0.550654,9.144508
-0.177601,-0.569423,10.933083
-1.301829,0.349999,10.568267
-1.092541,0.960131,9.838077
-0.352488,0.224664,10.428676
-0.086794,-0.117221,15.088366
0.331492,0.070411,16.594343
0.209720,0.088974,11.953416
-0.638758,-0.044256,7.683007
-1.718297,0.802345,8.116735
-0.682747,0.239845,11.410249
0.064851,-0.320598,12.841649
-0.352790,-0.281406,12.473421
0.096457,-0.002121,10.891157
0.224844,0.106344,7.714580
0.284874,-0.309509,6.840043
-0.149693,-0.693727,7.718355
-0.069281,0.055742,6.785075
-0.486827,0.964439,6.531030
-0.446532,0.317347,8.240082
0.325788,0.132879,9.701463
-0.057338,-0.118805,9.535751
-0.211032,-0.955279,10.793522
0.448473,-0.866315,11.862271
0.703735,-0.570913,10.955325
0.820763,0.405299,10.554926
0.099315,0.844185,10.364143
0.190844,0.969546,11.299387
0.623213,0.710655,11.880623
1.273685,-0.159649,12.279603
1.385276,-0.917010,10.986309
1.167001,-1.132596,8.778017
1.460335,-0.909068,7.197398
0.896971,-0.789756,6.982277
0.766545,-0.652339,8.293346
-0.251326,-0.555033,11.335538
-0.219682,0.765388,9.542448
-0.033722,0.699886,5.983121
-0.736397,0.083256,5.366742
-0.857104,0.320927,7.597506
-1.611481,-0.128550,11.000958
-2.048956,0.204043,12.375412
-1.459326,0.157505,11.019877
-1.234905,0.107040,9.175671
-0.272774,-0.251006,9.603475
-0.188146,0.056113,11.809639
0.072446,-0.048445,12.445710
0.796915,-0.221567,10.849512
0.204063,-0.149512,8.607094
-0.817879,0.038909,7.830068
-1.992611,0.316118,10.697014
-1.324663,0.621284,9.859492
-0.973222,0.371639,7.051688
-1.219132,-0.250394,7.318952
-0.651207,-0.160488,9.166330
-0.442680,-0.198590,11.835005
-0.093427,-0.306495,12.412715
-0.089116,-0.219780,10.333804
0.025197,0.634776,8.948474
-0.582243,1.159484,10.306550
0.554618,0.761649,10.414998
0.804203,0.063282,10.184243
1.441013,-0.217338,10.776924
1.550807,0.208464,11.006582
0.946729,0.037835,9.422451
1.343041,-0.012148,7.274992
0.687038,-1.089835,7.824342
0.120909,-1.472623,8.413029
0.153468,-0.038678,7.084654
-0.612777,0.437061,8.577807
-0.264088,0.453412,9.368496
0.266393,-0.094600,7.583108
-1.453237,-0.790242,8.456401
-1.350969,-0.563308,10.023281
-0.546255,0.389053,10.361762
-0.307271,0.596079,10.159969
-0.282266,-0.010675,11.663890
0.301342,-0.656595,12.124687
1.508292,-0.927120,10.554571
1.641874,-0.972057,10.894631
1.808700,-1.639365,11.701394
3.044804,-1.014993,10.170171
2.678717,-0.504862,8.446183
0.612946,0.203187,8.940928
0.539655,0.701632,9.483456
-0.680096,0.611187,11.101045
-0.463788,0.406082,12.101468
1.581586,-0.313713,10.126710
1.449444,-0.895117,8.402350
1.131801,0.269667,9.510040
0.420373,0.200816,12.393892
0.178377,0.847602,13.472459
0.356625,0.723491,11.861583
1.149000,0.532447,7.971007
0.866742,0.290508,5.619110
-0.862495,0.451398,8.806794
-0.230905,1.204019,8.885256
1.259814,0.818333,5.191396
-0.347511,0.257863,6.207973
-0.802056,0.410036,9.457949
0.042037,0.787111,10.857415
-0.043201,0.387468,11.206786
-0.362204,-0.421733,11.108319
1.064725,-1.085242,9.045508
0.352839,-0.844903,8.748888
0.211581,-0.644718,9.379709
0.303633,0.001831,8.233818
-0.854654,0.559677,8.673091
-0.080135,0.728231,9.456214
1.779033,0.055020,7.937311
1.452206,-0.680549,8.769380
1.204889,-0.393570,10.540567
1.684942,-0.764641,10.849661
1.410478,-1.004764,11.157766
1.887072,-0.743227,12.569088
1.357020,-0.610908,12.436190
0.258578,0.917171,12.866637
-1.106158,1.718189,13.696153
-1.069365,1.503186,12.883078
-0.758614,1.328613,9.898959
-1.689180,1.485422,8.977646
-2.586543,0.552094,9.538732
-3.097169,0.283416,10.945496
-1.962000,-0.473256,11.508877
-0.566284,-1.088749,12.583385
0.121912,-0.801193,11.298176
0.176356,-0.438628,8.613994
-0.535823,0.397788,9.112903
-0.110337,0.628094,8.401220
0.658426,0.498225,7.538726
0.413330,-0.420159,7.853759
0.067779,-1.072634,8.988529
-0.319826,-0.522668,11.233268
-0.517853,-0.786521,12.419468
-1.318767,-0.514392,12.219310
-0.704631,-0.796986,10.708030
-0.034349,-0.299012,9.707567
-0.627402,0.031907,10.353537
-1.150251,0.205524,9.347930
-0.745093,0.906817,7.998231
-0.434206,0.471081,9.545405
-0.111063,-0.185634,12.242570
1.195073,-0.537396,11.814140
1.823847,-0.286690,8.633028
1.259417,-0.250794,8.129099
1.518966,-0.143074,10.258225
2.029573,0.293874,10.469444
0.776897,0.094236,9.467335
0.749997,-0.408983,7.175051
0.983083,-0.884064,6.609688
-0.659020,-0.970303,9.032695
-0.903553,-0.824463,10.945496
-0.902973,-0.374961,10.680063
-1.144496,-0.024574,8.443509
-1.393880,0.487848,7.898272
-1.546664,0.691855,11.369112
-1.128896,1.566824,13.480191
-0.374882,1.357696,12.178312
-0.914758,0.098387,12.114307
-0.501087,0.245793,11.671316
1.175565,0.517589,8.736651
1.005852,-0.088777,7.769723
0.740386,-1.004980,8.974929
1.063038,-0.853552,8.784145
1.504876,-0.358303,8.090397
0.896605,-0.545370,9.030627
0.151650,-0.764219,10.679116
0.179955,-0.322641,10.582783
-0.062854,0.059044,10.581619
-0.922179,-0.296633,9.620301
-1.545266,-0.298596,9.826999
-1.534664,-0.646411,9.896725
-0.894119,-1.097405,9.494295
-0.969016,-1.352507,9.647423
-1.336265,-0.484665,9.839311
-0.768930,0.815747,10.272910
-0.347650,1.163924,8.862394
-0.131566,1.191030,7.463161
-0.358337,0.827610,7.977647
0.232560,0.097203,9.866640
0.049913,0.481339,11.747120
0.060532,0.164579,11.839643
1.141131,-1.066309,10.440467
1.171740,-1.662851,8.902397
1.001350,-0.300131,7.857339
0.821926,0.771955,8.983419
0.835409,0.717710,9.045945
1.271954,0.647325,9.473725
1.814688,1.109865,9.363903
1.725909,0.808709,8.904857
1.429213,0.121387,7.915974
1.376437,-0.928219,7.724841
1.148180,-1.455621,9.332634
0.767996,-0.622170,9.623077
0.335061,-0.128605,9.666421
-0.614980,-0.259424,10.115529
-0.847602,-0.962220,12.040104
-0.967765,-0.026919,14.600880
-0.734509,0.788357,13.681135
-0.949479,0.841226,10.002278
-2.064005,0.846774,7.891657
-1.015207,1.027254,6.564043
0.460138,1.639251,7.240523
1.052326,1.196115,9.258904
0.791764,0.537553,11.264503
-0.146556,0.105335,12.682477
-0.905612,-0.332616,12.684184
-1.469005,-0.218855,13.278083
-2.411415,-0.243301,13.649478
-1.848690,0.207731,12.482148
-1.445429,-0.193312,12.173161
-1.763281,-0.422180,13.369669
-0.468701,0.022297,13.498481
-0.704485,0.973436,12.881468
-0.224673,1.148078,11.029646
0.896896,0.685159,7.169363
0.590486,0.206801,4.543825
0.898884,-0.208005,4.713563
1.333610,-0.807185,4.983818
0.914304,-0.752168,6.954655
0.421277,-0.298730,10.478749
0.232720,-0.809873,11.606600
-0.515611,-1.285053,11.277005
-0.592522,-0.556679,9.380887
-0.433896,-0.350430,9.089926
-0.277760,0.055262,10.507066
-0.265706,0.209389,11.778176
-0.118463,0.973596,11.956073
-1.037454,0.453348,11.779381
-1.244087,-1.065790,11.589953
-1.153467,-0.567096,11.095823
-1.252291,0.035534,9.287020
-1.086955,-0.564171,8.654981
-0.637285,-0.902463,9.205876
-1.430143,-0.387372,9.456243
-1.595958,0.176717,8.666521
-0.950472,0.788179,7.913814
-0.851851,1.362200,8.929199
-0.941800,1.158165,9.572781
-0.417572,-0.373328,9.674936
-0.447968,-0.645648,9.722491
-1.225036,0.081257,8.795966
-1.535427,0.692751,7.823173
-1.085270,0.995590,8.046678
-0.715098,0.722798,9.125109
-0.884050,0.046099,9.888985
-0.743729,-1.050266,10.889677
-0.054029,-2.161625,10.097465
0.189580,-2.231643,8.806796
-0.822379,-1.672181,9.016312
-0.237209,-1.473211,8.634449
0.191544,-0.903476,8.794903
-0.328176,-0.190841,10.750664
0.050764,-0.512055,11.010906
0.129344,-0.722817,11.078440
-1.077188,-0.712078,12.905402
-1.152651,-0.130766,13.058661
-1.384833,0.985695,10.518564
-2.104977,0.785055,10.167893
-1.907585,0.401259,11.285417
-0.249048,0.408752,11.017621
1.692210,0.043936,9.896521
3.025263,0.083585,6.828355
2.463925,0.193652,5.094541
1.739005,-0.491756,5.276469
0.986958,-0.408732,7.102632
-0.701048,-0.119589,9.597506
-0.327360,-0.418579,11.301976
0.287012,-0.604938,12.319418
-0.106042,-0.504658,12.015553
0.082041,-0.043157,10.212111
-0.478395,-0.079837,8.512160
-1.369359,-0.571632,8.352397
-1.515481,-0.069780,10.083714
-1.257848,0.500934,11.848525
-0.245573,0.405001,10.858188
0.673735,1.115284,9.667123
1.085325,0.424896,11.176307
1.808957,0.072868,12.610275
2.311824,0.338526,11.847696
2.122060,-0.410638,10.280796
1.465706,-0.523864,9.864224
0.616093,-0.645876,8.896047
-0.322214,0.304059,8.950216
-1.675259,1.380981,10.057581
-1.963500,1.400708,10.706098
-1.353632,1.576982,10.131790
-1.020932,0.972827,9.783006
0.398507,1.119392,9.655177
0.431352,1.674217,9.355029
-0.291736,1.759794,10.127745
0.897734,1.323782,9.056678
1.402324,1.117152,7.179208
-0.673810,0.799463,8.923739
-1.676268,1.098139,10.829089
-2.048270,0.360232,10.732959
-1.758013,-0.135023,9.974184
-0.750367,0.121205,8.564280
0.242333,-1.195672,7.402657
0.241409,-1.665217,9.015964
-0.118537,-0.863067,10.424632
0.271828,-1.132740,9.591235
0.612125,-1.805550,9.647323
0.296253,-0.423008,10.093530
-0.253474,1.030122,10.376538
-0.104394,2.110605,9.443901
0.474455,2.035181,9.047690
1.973344,1.386259,9.379460
1.759492,0.121918,9.237448
1.125245,-0.397661,7.940387
-0.430635,-0.227267,7.107365
-1.872770,-0.275887,7.068393
-2.495915,-1.056643,9.124817
-1.281012,-1.188021,10.172340
-0.219439,-0.854822,9.484981
-1.137896,-0.564338,10.708039
-0.988754,-0.170304,11.163012
-0.435813,0.064823,10.357449
-1.262345,-0.076305,10.406605
-1.214150,0.034329,10.843364
-0.494510,0.086036,10.530315
0.112295,0.183174,8.647138
0.327538,0.400361,7.895847
-0.888964,0.254446,9.181058
-0.695857,0.085251,10.796384
-0.054732,0.517290,9.678532
1.124147,0.337208,6.091244
1.806381,-0.081307,4.477080
1.515974,0.738228,5.319961
0.296034,1.315264,6.776096
-1.144859,1.870169,8.901949
-1.433303,0.958068,9.718743
-1.917950,-0.204433,11.096258
-1.470477,-1.383489,12.369841
-1.333328,-1.409684,13.077317
-1.713691,-1.482819,13.400728
-2.113713,-1.929980,12.933469
-2.846449,-1.340000,12.878645
-1.697838,-0.724974,11.780562
-0.149576,-0.528054,11.202157
0.339758,-0.710293,10.320218
1.815407,-1.176916,8.186628
3.419595,-0.991215,5.840226
4.092510,-1.490664,6.257131
3.998135,-1.589191,10.077182
4.255665,-1.828160,13.231521
3.873610,-1.601138,14.199892
3.618519,-1.274341,13.883707
2.196557,-0.971862,12.806246
1.306542,-1.181447,12.049431
1.120131,-0.392793,10.880716
1.453651,1.159967,9.224126
1.302016,1.468717,8.699511
1.850385,1.606057,8.823732
2.326099,2.364647,9.330282
2.613031,3.487014,9.711412
2.554946,3.609446,11.929281
1.340125,3.465627,14.705543
2.559846,3.754942,14.645763
4.071523,3.969373,12.456392
4.107136,4.776804,11.346606
3.696323,5.450736,11.417372
2.821627,5.049044,10.753140
2.192281,4.150182,8.475270
0.877479,2.005146,7.787161
0.634884,-0.229686,8.626313
1.879009,-2.321363,9.951522
3.373909,-5.398355,10.092712
4.597299,-8.305800,7.585722
3.272166,-8.060894,6.517846
-1.122948,-5.179677,6.782614
-5.852831,-2.410247,5.324035
-10.355218,0.736398,4.836356
-14.205917,4.242781,5.273187
-15.183433,6.593286,7.234441
-14.298826,6.217292,11.295630
-10.654860,4.143041,14.039314
-4.210780,2.701672,13.406368
2.372983,1.324536,10.528151
8.590946,-1.106241,7.936804
12.617606,-4.285271,5.463953
13.147796,-6.763797,3.448808
10.738154,-5.979758,3.953559
7.460159,-4.598919,6.770690
3.433826,-2.624380,9.266003
-2.691402,-1.218814,13.573450
-5.317548,-0.889176,15.783646
-4.923509,-1.343795,14.425393
-5.514318,-2.206665,12.432299
-7.625305,-1.490151,9.600739
-10.404920,0.592954,7.037891
-11.995174,1.876773,7.195832
-10.215328,1.624024,9.691886
-5.962830,-0.832848,11.594286
-2.144530,-3.350152,12.497301
2.204695,-4.094691,10.780356
6.432363,-2.411313,8.894817
7.946813,0.672437,6.782402
7.766920,1.045627,6.346251
7.755429,0.437422,6.668812
7.183780,0.226174,6.777044
5.215535,-1.056921,9.977643
4.273323,-2.002455,13.346176
2.789719,-1.975155,15.722597
0.869873,0.108680,16.361548
2.470000,0.733013,14.615554
6.258403,-2.288664,13.080838
7.260554,-6.017737,11.428222
3.916340,-5.250753,9.944144
-0.186169,-0.781393,9.055429
-6.357177,2.928444,8.781688
-11.998882,4.891686,9.786997
-13.410215,5.824299,11.189345
-11.460451,6.897041,12.638810
-8.988468,5.287690,13.230059
-6.938562,0.957252,11.343410
-4.302611,-3.639251,6.952643
0.464559,-5.454048,5.328650
3.999331,-4.604656,5.565722
3.892646,-2.251007,6.838910
3.338475,-0.666261,8.481050
3.560389,0.456852,10.301096
4.597701,1.732182,11.453034
6.438241,2.419208,10.991431
6.811141,1.579459,13.650161
6.066583,0.355579,16.932796
5.139295,-0.699969,18.453983
3.066937,-0.526283,15.269718
0.822582,-0.731189,9.092462
-2.392854,-0.875431,3.507921
-6.801968,-0.743990,-0.519897
-10.421718,0.376828,0.237935
-11.708318,2.449528,3.382483
-10.060704,2.459161,4.284753
-6.871358,1.998081,5.407538
-3.508586,1.974477,8.952461
0.597078,1.169594,10.712797
1.494477,-1.291472,11.025832
-0.059325,-3.054300,14.073325
-1.590837,-3.428432,16.932124
-3.226452,-3.501184,19.758535
-5.340222,-5.453528,19.112797
-6.656094,-7.761285,15.133003
-7.539822,-7.267443,10.636125
-7.090230,-4.378356,5.947023
-6.090460,-1.583251,3.503483
-3.530486,-0.664973,2.942244
0.704615,-0.467124,2.539398
2.560509,0.856581,4.428208
2.634490,3.817684,7.982819
3.152137,6.408723,10.195640
3.214178,8.254892,11.907586
2.817429,7.849155,14.227429
3.107733,6.808254,15.839701
2.642954,4.174928,15.018586
1.372523,1.303691,15.609584
2.650826,-2.081633,15.017390
4.968534,-5.992887,12.585194
4.933219,-8.760425,7.524695
2.621408,-8.799439,1.524175
-1.137422,-6.434629,-0.931129
-5.444477,-1.754094,2.865459
-5.430658,2.600635,8.708221
-2.341848,5.135909,10.550673
0.296820,4.832677,10.992887
2.274239,2.866493,11.785627
4.303488,1.451467,11.795522
5.620114,2.885758,6.904388
5.966276,3.688633,0.564238
6.174464,2.703869,-0.076364
7.215910,1.897724,3.554228
5.629938,0.199472,9.432280
4.439284,-1.235957,11.887767
5.268038,-1.856592,9.990537
5.587470,-2.518089,10.538042
7.952959,-2.029859,11.829883
9.117286,-1.508635,10.105737
8.284608,-1.298337,7.655008
6.634054,0.028324,8.103169
4.811334,2.427001,9.680943
3.127171,4.573680,9.546565
0.324912,4.852215,11.773766
-0.676128,5.517287,15.457277
1.706464,5.158038,16.046742
2.699516,3.332947,13.243136
0.639693,1.444740,9.464364
-3.229835,0.605150,9.234677
-6.194908,2.777447,9.774671
-5.700123,2.510523,7.087233
-4.038174,0.307252,4.083527
-1.279438,-1.025923,3.333620
1.704979,-2.279721,4.195785
2.707442,-1.740669,6.477549
2.212711,-0.355737,9.864742
-0.214874,2.504589,15.523828
-1.050914,5.063385,17.445265
-2.534521,5.676163,19.420296
-3.545853,3.728980,19.628352
-2.561277,1.440914,16.532899
-3.118893,-0.883207,13.546762
-2.925786,-3.108004,8.511660
-2.323320,-2.887934,4.174320
-4.032184,-2.603448,5.402436
-3.668179,-1.131338,7.829741
-3.871994,0.665046,8.181323
-3.166132,0.209194,6.203152
-2.279307,-1.792181,5.828755
-2.044034,-3.124333,8.237562
-1.930135,-2.953223,11.183448
0.473315,-2.264455,10.619433
3.969690,-3.324984,7.665512
5.277166,-4.112744,6.420006
4.846802,-2.637755,8.959187
3.302503,-1.174400,10.324960
2.802257,-0.143913,9.274707
2.518281,0.460218,7.103167
2.477485,1.010225,6.201062
2.937578,2.446511,6.470436
1.289929,2.207214,7.378695
1.926859,0.474946,8.012692
3.429154,0.768840,11.644248
4.509916,-0.022332,16.874941
6.467510,-1.152579,17.311130
7.638729,-1.059334,11.919954
6.601765,-1.509146,8.242406
2.294002,-2.661613,9.898959
-2.130294,-2.271293,8.555736
-6.253992,-2.425263,7.562691
-9.401294,-1.347614,9.578137
-7.861252,0.927122,9.037815
-6.977175,2.748084,10.072248
-6.673774,5.264265,9.173210
-5.147110,6.140536,3.700770
-5.218035,5.082218,2.961924
-6.376305,2.100676,10.351942
-5.760568,-0.081201,16.246036
-2.993602,-0.643637,13.242371
-1.343267,-1.784488,9.697981
2.181301,-3.346269,9.400004
4.202449,-4.227095,10.384518
3.626863,-4.348604,12.229154
2.188591,-3.158558,12.489760
1.495621,-1.536475,10.195473
-0.600197,0.249663,10.184967
-3.016220,3.346269,9.590743
-4.389833,2.942309,12.680741
-3.738051,0.009149,16.867431
-0.241260,-4.268597,15.060963
1.253765,-7.553143,16.040862
2.362127,-7.385882,17.761975
3.871118,-4.515428,15.055342
1.236748,-1.665796,10.765867
-2.288873,0.028477,9.219387
-3.060466,2.693099,6.795195
-3.974148,3.250860,5.100016
-2.756337,4.315911,5.905915
-0.852071,2.478104,2.547880
-1.922443,0.562798,3.584771
-3.239659,1.154530,6.114073
-1.505251,0.225011,7.091034
-0.771160,-2.642664,9.166291
-0.818207,-3.983780,9.959929
0.724520,-2.546246,9.389929
3.630343,-1.828520,7.950599
6.170544,-2.404962,7.345104
7.092703,-4.408645,8.179564
6.020165,-4.376382,10.131226
5.927336,-2.865724,10.822468
5.167830,-2.250981,10.487652
0.809773,0.482363,8.261447
-5.036962,2.180027,7.866063
-10.962479,3.730986,11.820902
-13.811927,3.613363,18.184807
-12.172773,3.608398,16.616179
-6.643434,1.824570,9.091508
-3.607319,0.353064,6.299687
-0.000729,1.133694,4.238758
2.988623,4.521801,3.153313
4.002346,7.892432,2.618356
4.285924,6.688543,2.161577
4.553831,3.817535,3.777975
3.849608,-0.530597,3.757144
3.867502,-3.589819,2.972491
4.073837,-8.089139,4.673720
5.660605,-12.480351,10.240110
6.380052,-12.153460,14.306170
6.991506,-9.333725,11.148915
6.086124,-6.039407,8.458837
1.526377,-3.301802,13.383416
-0.336036,0.350469,17.818916
-1.024722,2.792034,19.238854
-2.185903,4.725991,17.523832
-0.415944,4.875581,11.528177
-0.015410,4.528244,6.741267
-1.486706,3.052321,11.005135
-0.131444,3.003489,16.865157
2.085144,2.749408,16.798334
1.879105,1.965617,14.678826
2.262687,1.239951,13.648711
3.020785,2.119751,10.549105
0.826034,2.894286,7.231920
-0.592751,3.338510,7.579690
-1.370422,2.314852,10.896462
-3.816176,2.740792,15.059009
-4.418308,3.171317,14.667524
-4.658773,3.375914,10.185993
-2.238399,4.197323,4.145863
-0.612989,5.383881,0.760734
2.206368,5.924293,0.792653
2.184538,6.427752,5.242308
1.347682,8.093464,8.599672
2.208437,8.467669,7.565091
2.331851,7.343455,8.332189
2.340694,5.838695,8.791897
1.545229,4.566763,8.759396
-0.333884,5.450781,10.362527
0.705061,5.356840,10.869533
4.597267,2.923420,8.017015
8.484813,0.198557,6.891329
6.943758,-1.064340,9.125171
4.966662,-0.214033,10.776816
3.158123,1.556265,11.175676
0.429851,1.931869,11.858606
1.136333,-0.990495,11.358429
2.749624,-3.498956,9.807448
2.700997,-6.795366,9.061054
1.326762,-6.665140,11.340366
1.803619,-5.123304,11.458641
1.732099,-5.231721,12.416942
1.566462,-4.557720,12.847715
0.337092,-3.555598,12.169450
-1.061860,-2.766909,11.983598
-1.091255,-2.480579,9.249003
-1.089717,-1.877518,4.893895
-0.441207,-2.348546,1.562808
-0.650692,-2.436381,2.746202
-1.855197,-3.647847,7.627593
-2.044165,-3.215190,10.783353
-4.500674,-1.393605,12.305923
-8.026019,-1.866651,12.111392
-10.302652,-3.699883,14.109782
-12.010197,-4.286598,17.659589
-8.199269,-5.203760,14.175158
-3.473826,-6.202888,11.553365
-2.146131,-6.199284,11.489218
-0.727900,-5.834041,12.239777
-0.629693,-4.313794,14.512759
-1.955428,-2.798869,17.742789
-0.495919,-0.185616,11.356181
-2.258792,1.271343,5.417851
-3.684346,2.454686,8.969517
-3.537748,4.217415,10.164640
-3.804677,4.343017,11.454787
-2.956777,3.471072,14.120357
-1.925267,1.778111,17.691140
0.528172,2.712977,16.592107
3.904616,1.853725,14.149093
6.741942,2.134609,13.710231
10.286636,0.383462,9.144925
9.563678,-0.284681,5.882381
4.810658,0.052807,8.053561
1.999832,-0.020712,9.987298
1.960304,0.912099,7.823532
2.173560,1.094576,5.283916
2.660841,-0.933793,1.342115
2.544242,-3.828613,1.112946
1.746357,-2.867739,5.208753
1.468602,-1.138118,9.130027
0.310910,0.603414,12.596907
0.974708,-0.440349,11.858694
3.042043,0.732567,6.313031
0.572842,3.623929,1.958042
-0.923736,6.530696,1.333472
-2.933019,6.302381,5.412179
-2.126532,6.394453,12.528536
0.009625,6.077207,12.829105
1.688021,3.338784,12.178396
1.398694,2.227298,14.887029
2.867712,1.246785,13.467962
5.148441,1.102846,10.317856
4.452223,0.207226,6.790581
2.467966,-0.990937,7.504648
-0.466155,0.324728,10.154438
-2.766401,1.950281,9.979046
-7.181499,3.037178,9.890870
-10.144393,1.786556,13.093661
-10.174672,1.435281,14.002678
-8.757187,0.157650,9.922470
-6.229338,-2.774742,6.512972
-3.447357,-4.178571,5.581443
-0.423140,-5.206721,5.523372
-0.649866,-5.970139,9.071485
-0.659806,-5.351906,11.226210
-0.057234,-2.634654,6.302137
-3.079825,-0.133778,8.574207
-3.347115,2.170984,10.229388
-2.438762,4.228113,13.713423
-3.854228,4.597293,19.960359
-2.788708,5.443474,18.704397
-2.763156,5.006543,17.885894
-2.674195,3.413918,17.294976
-0.741621,1.972041,12.005655
0.316137,-2.445571,7.681776
1.537894,-5.663118,9.819427
3.221011,-8.053112,12.112179
3.817576,-10.156653,14.769033
5.802385,-8.923112,14.263697
5.644755,-7.486848,14.688499
5.975781,-5.498554,11.452971
3.885392,-2.668520,7.736345
0.683617,0.583948,10.555959
-0.607283,2.658255,10.435755
-1.678897,5.556228,10.438319
-2.884353,7.027323,11.847597
-0.635304,5.772032,8.961440
1.428944,6.157828,5.718806
3.831634,3.492099,4.058795
4.788260,2.749190,2.720664
0.581358,3.493734,1.641691
-2.355640,3.727665,5.286872
-1.346355,2.403299,8.584557
1.256289,2.434502,7.366706
2.474133,1.018316,8.546582
2.547622,0.376104,10.321579
3.458427,-0.055595,9.038856
0.681448,0.541968,7.804927
-1.497525,1.929842,7.805087
-0.948861,1.105858,5.347149
-0.169445,-0.175379,5.914557
0.365952,-1.945169,5.866303
2.365761,-2.519407,6.627663
0.970744,-2.186485,14.273679
0.354216,0.640072,21.256811
0.888682,4.096739,17.977149
-0.741671,3.804098,7.612121
-1.251265,0.750697,4.397060
-2.040092,-1.360333,5.307553
-1.348778,0.041234,8.656302
-4.155248,0.537806,16.028802
-3.367799,-0.011403,17.028350
-1.516718,0.061383,15.120812
-1.419936,0.923127,12.863554
-0.631457,0.859532,9.732806
-1.572989,-0.548382,5.740132
-1.197945,-3.366614,2.348632
-0.939838,-5.810349,1.438301
-1.049601,-7.239289,4.002813
-2.037207,-8.386146,10.709057
-2.204254,-5.060714,17.368812
-2.544703,-1.587534,19.476422
-1.078131,2.034071,18.693894
-0.299420,5.226949,16.334631
0.673715,8.027729,12.800504
2.838162,8.139608,9.695534
4.422238,6.247072,10.670961
6.189319,3.871651,14.803351
6.735018,1.426328,14.079802
5.381582,-1.445078,9.236062
2.381521,-1.339277,6.991219
0.626747,-1.100174,4.106325
-0.506790,-3.160536,1.607608
-1.429472,-6.539408,3.047319
0.026961,-9.241966,8.379200
-1.060100,-7.922232,10.969092
0.618887,-4.295672,6.408390
1.756443,-1.436963,0.224263
-0.327131,0.412680,-2.919208
-1.368707,-0.141639,1.841110
-1.619591,1.313048,7.620033
-1.041939,2.062132,10.633778
-1.023237,1.614717,12.635257
3.465830,0.426919,10.630758
5.169427,-0.925134,9.965636
6.004810,-1.310271,12.211427
3.663390,-0.990083,12.152878
0.309146,-2.118683,12.282883
-6.032305,-0.896191,16.305076
-6.630573,2.401999,15.958431
-7.568649,3.336916,13.907716
-8.735588,1.996233,11.004406
-5.185953,-2.085820,6.564918
-3.092650,-2.936743,4.538527
-0.590290,-1.789992,1.784177
-0.610679,-0.332264,1.709588
-4.583285,0.978131,4.530675
-4.939972,1.165761,4.391579
-4.550314,-1.286836,10.193159
-4.545282,-2.447562,19.730056
-3.187520,-1.737823,22.365079
-2.244252,-1.245795,16.264376
-1.551638,-2.466860,11.363406
-0.177479,-0.521490,13.090284
-0.095384,1.991880,17.170631
1.634599,4.303453,17.486238
4.671410,6.601689,10.611306
6.771684,6.321831,3.546056
6.646277,5.680106,1.651023
6.314650,5.351701,2.593536
5.339572,2.544672,3.454884
2.285032,1.350153,5.433130
0.594286,0.461041,9.840344
0.900176,-0.037082,12.328190
2.773469,-0.348783,9.919438
4.233898,-0.226521,2.354915
4.096057,-1.370312,1.834256
4.006449,-0.972090,7.188070
4.835604,0.336625,9.813489
3.800670,0.102216,11.466361
2.237089,1.381754,11.453600
3.696484,2.913583,6.625413
0.804217,3.731092,4.027145
-4.707053,3.941230,10.242967
-4.673642,1.801123,13.831327
-2.913031,-0.941019,11.882657
-2.493479,-1.509937,7.601807
-3.648792,0.799898,6.202571
-4.527225,2.106407,6.207052
-3.947666,2.273160,4.115897
-2.340205,0.664818,5.592671
-6.932797,-1.678675,13.116344
-8.015481,-2.713326,17.984528
-4.255417,-2.862980,17.213016
-4.748359,-3.062991,16.592570
-0.914057,-4.714025,10.497667
0.443187,-2.668746,9.476091
0.425340,-1.247147,14.359150
4.560723,-1.200977,15.663580
6.869544,1.443096,14.158282
6.724096,2.122123,15.117668
4.977718,1.273061,14.842818
1.097023,2.418961,11.887772
-3.011790,5.072209,10.146147
-1.863889,5.007463,7.462560
-3.278003,3.207593,14.075983
-4.705059,4.814173,23.657528
-2.802921,5.549169,23.843207
-4.478664,5.807418,15.718670
-4.285612,5.105403,7.206697
-3.444931,3.552798,4.585884
-4.817323,3.094194,6.367313
-7.055767,0.238491,10.448318
-5.542633,-3.280697,10.154174
-2.761275,-5.641554,4.662700
-0.287980,-5.476043,3.972381
1.450790,-4.685833,4.256749
4.707685,-4.745120,-3.953958
3.314473,-3.744768,-7.637955
0.716644,-2.842552,-2.941665
1.450004,1.465837,1.555770
1.896815,6.826681,5.354282
2.031649,6.085010,6.479368
2.758705,4.561949,5.228917
1.980012,3.403212,7.842954
1.105549,3.043673,14.474525
1.762581,2.105148,15.899949
1.493078,-1.359902,5.632008
0.864457,-5.468963,4.479876
-0.456633,-5.785414,15.823244
0.925167,-4.138695,17.664278
4.465194,-2.421048,14.668549
6.710640,-3.064607,14.297577
8.188710,-2.636138,13.137551
5.124236,-0.127363,12.201069
1.648426,0.177539,13.712671
-0.802114,0.170306,14.268179
0.340858,1.126289,8.573827
1.650282,2.919686,7.980999
1.661418,3.889177,8.564874
3.095651,4.110030,5.594796
0.102164,4.227435,10.394196
0.514313,2.424866,10.221334
4.350736,-0.482261,3.506844
3.637667,-1.276098,3.061272
4.695210,-3.331008,-2.759001
4.001743,-6.133400,-9.122400
0.175763,-5.432735,-3.916157
0.002869,-5.962907,2.929308
-1.973305,-6.007417,5.839369
-4.427819,-2.497226,5.411276
-7.358012,0.600984,8.974942
-8.783485,-0.124936,12.768411
-6.923328,0.452140,13.127980
-5.691103,0.539140,12.557170
-4.325063,0.922382,11.780227
-1.168104,-0.180903,10.601325
1.618638,0.419741,8.125793
5.243031,0.471897,8.187950
5.276954,1.418368,16.611407
7.751969,3.142497,16.866649
9.425152,2.166307,9.231217
7.556304,2.904667,7.652975
7.473422,2.764560,12.628059
9.038356,2.692637,17.181581
10.248303,2.963692,16.249739
10.998161,1.439910,12.625947
7.558510,0.008129,11.776267
3.053363,0.031130,14.343438
-1.127078,-2.943125,17.360391
-3.599133,-2.706054,14.859707
-4.635628,-5.233953,12.234318
-3.548707,-9.466184,14.073094
-1.674214,-11.497708,11.199239
-1.175517,-8.692295,8.889550
-5.896504,-5.120670,15.632233
-9.090377,-2.490246,19.684394
-10.161856,0.147453,19.338824
-10.573143,-0.457708,19.602281
-7.487081,-3.448888,18.604465
-5.914192,-4.300932,10.550353
-1.502735,-2.188263,3.346445
-0.255762,-2.889997,4.414784
-1.217165,-2.264683,6.807591
-4.629754,1.018518,11.349204
-2.934651,1.945306,11.436543
-0.968922,1.153537,7.793265
-3.379431,1.883357,9.362916
-6.139759,4.120589,15.394675
-5.131394,5.060590,21.597755
-1.294887,5.657395,20.043954
1.209422,6.053744,16.430716
0.708207,6.119942,17.966516
1.822624,5.695740,20.082231
1.372409,4.456104,18.032880
-2.228649,3.791826,14.820440
-1.661210,2.876968,9.771180
-2.852366,1.328410,4.654880
-5.902803,-0.884641,6.928819
-4.616162,-1.933323,9.584883
-4.504591,-0.685407,7.953610
-3.952734,2.295764,5.178607
-4.009778,4.784560,4.628456
-4.573775,6.046837,3.428882
-4.431174,6.476389,0.932639
-4.779442,7.081925,1.160862
-2.937356,5.522332,1.353216
-1.232695,4.504743,0.258859
-2.488035,2.264212,0.357861
-2.866548,2.257538,3.096862
-3.289682,4.330465,9.306079
-1.852531,5.980978,12.992536
-1.663957,4.361140,11.977702
-1.999221,1.193250,10.371448
-0.728541,0.639237,9.727692
4.920939,0.515042,8.556922
5.700667,-0.464480,9.362316
3.423845,0.565520,9.089046
1.988016,4.971169,9.358299
-0.439787,7.013713,8.253339
-2.199572,6.051008,4.979515
-5.341519,1.702751,6.794533
-9.402551,-0.405508,14.515238
-9.169302,-1.175382,18.153816
-7.290215,0.642749,18.408590
-4.926474,0.864382,17.695000
-5.187839,1.685885,14.550783
-4.270830,5.430305,6.824571
-5.529312,10.867809,2.169297
-8.305517,12.022014,2.184959
-8.964443,10.815881,6.132176
-7.369175,11.663167,3.377983
-8.262358,9.740657,2.427890
-8.127070,9.154971,5.845564
-4.124632,8.450313,8.769590
-3.278482,5.058494,12.575322
-1.536813,1.891834,15.169350
3.027817,-2.372435,11.117091
5.096011,-5.820262,9.516119
8.048568,-7.680692,11.664719
12.584164,-10.227140,14.047211
15.046895,-10.317980,15.483022
18.559319,-9.915489,10.235517
19.684144,-9.050697,4.761486
16.327330,-6.371789,4.335870
12.477704,-4.085679,5.437269
7.093572,-0.293699,4.271977
-0.734124,5.077916,5.946907
-2.416200,8.351731,8.973754
-1.476281,13.067866,13.673880
0.772878,15.176722,15.395246
3.008748,12.363772,14.261155
1.668067,11.045870,16.360988
-1.571841,9.825873,17.080184
-1.263212,7.181838,13.727908
0.365037,2.744086,12.255058
1.762424,-0.876970,12.420790
1.129798,-3.006394,14.161056
1.009444,-5.350806,15.628496
2.743366,-6.782984,12.977923
2.383203,-10.833470,12.909057
4.614165,-15.270796,10.935140
9.194035,-16.107038,9.358291
9.767564,-15.156217,6.316601
9.878804,-13.021226,4.836888
11.447587,-7.471443,10.054357
13.765829,-3.771024,14.264156
14.077487,-3.422859,17.501892
10.087638,-2.972864,15.822154
3.977782,-3.074497,13.704653
0.334276,0.602815,13.503533
-5.654601,2.138582,18.256314
-7.856729,2.264556,25.908095
-4.612590,-0.092766,21.785877
0.073171,-4.508722,13.185122
2.869801,-7.156295,12.625297
5.283477,-6.093488,11.603435
9.145792,-3.868355,8.235158
8.166253,-5.318327,7.337614
6.584179,-7.366749,6.012848
4.817141,-4.847586,7.149588
4.595283,-1.171981,5.104143
2.781675,2.661022,2.395219
-1.251928,7.091196,2.948257
-3.798760,7.323316,4.508683
-2.477075,5.330344,7.625886
1.231035,-2.885745,4.994001
7.317581,-11.154658,-1.363707
12.370367,-14.123761,-0.822880
11.601858,-18.272152,7.586291
10.675147,-20.093264,12.500539
6.118715,-19.251927,12.337292
-1.704209,-18.507241,11.972397
-9.054152,-15.601288,11.354785
-16.330378,-11.566432,11.047595
-17.450824,-9.189451,4.870600
-12.678957,-8.705310,1.638795
-6.222942,-7.864426,1.703257
-0.500008,-7.262182,2.582553
1.541711,-5.339201,4.926263
1.066535,-4.710208,4.358327
-0.582823,-3.629445,0.305268
1.630273,-1.631352,-5.528245
1.716619,-1.306605,-4.751119
-0.751328,0.510966,3.315944
-2.801910,2.034441,13.213845
-3.480222,0.285859,18.515028
-3.591705,2.005713,20.698374
-0.786387,5.141918,18.111314
1.509052,6.806914,14.321709
-0.558686,6.131286,14.917407
1.313629,3.706337,15.906104
4.959545,3.738414,13.497657
2.651146,6.281179,10.023038
-1.087850,7.211161,8.053793
-6.283644,7.064587,9.940093
-8.735938,6.447825,15.033527
-2.872445,4.773382,18.057047
4.367807,3.961035,14.468529
4.493724,3.837229,9.444905
0.697014,2.289447,5.833022
-5.826758,2.006013,7.731581
-8.568833,-0.750645,13.269938
-5.576534,-2.350529,15.339568
-1.004116,-6.142126,12.747069
3.335525,-11.548454,11.315255
4.795318,-15.987477,14.352209
7.242340,-18.976737,16.479819
9.993312,-17.139218,14.340349
9.828174,-16.698861,6.477602
5.741464,-17.869925,-1.078621
-3.061525,-18.648182,4.805300
-7.740445,-20.856845,13.821607
-4.208691,-23.244432,14.875211
-1.677197,-27.713892,14.372516
-4.154829,-27.734931,17.032123
-5.895053,-17.556951,18.131972
-5.951547,-3.246851,13.208080
-2.155511,7.814766,10.735285
6.028301,11.754223,8.803780
11.865934,12.273185,7.999266
12.118256,12.897479,9.404618
11.118720,14.993099,8.384626
9.558244,16.094226,4.850163
5.304955,17.900102,6.543918
-0.061516,17.143976,10.298514
-3.433912,14.018285,8.569212
-10.387169,12.617758,5.507485
-16.080091,8.376407,7.154800
-16.266190,-1.890948,8.937417
-11.832840,-10.565853,6.990810
-11.546998,-15.094857,10.657444
-11.587712,-20.210143,13.912163
-7.797113,-21.228520,15.090485
-2.227696,-21.062250,16.176568
0.541092,-22.156782,18.934005
-0.830214,-23.575264,20.142711
-2.376029,-22.646490,15.588311
-2.637486,-17.862561,9.481601
-2.224836,-9.661710,5.003745
-4.313634,-2.166677,2.053381
-5.526726,6.004679,-0.083631
-10.204790,11.287122,2.269261
-15.989048,15.974501,4.307983
-24.249739,20.974348,4.454765
-30.553227,23.340758,6.468172
-29.669231,25.276871,8.728622
-23.347999,26.905696,8.289114
-16.980789,22.281297,7.527516
-9.200798,15.417629,6.071482
-4.974414,13.530930,5.529138
-7.567067,14.825852,5.764650
-10.993642,15.507116,0.826811
-11.375361,15.093875,-6.068904
-9.638873,7.571187,-7.117995
-7.868921,1.967422,3.004696
-7.292618,-1.193538,6.965774
-7.209681,-2.310022,6.087196
-11.101891,-0.601212,9.821234
-11.710914,1.690786,12.533225
-9.393029,6.996122,12.887459
-6.978181,7.983477,12.287279
-6.515808,6.336322,8.177132
-6.449392,7.096638,6.269672
-4.374878,11.041963,8.512229
-0.128408,15.507533,8.057667
2.956703,17.776396,5.695437
7.791401,16.105813,3.631250
12.889612,14.090363,3.647177
14.398488,14.350236,3.963592
15.661197,17.372995,6.089454
18.557383,17.566974,10.145438
21.337899,12.658674,9.512272
21.980295,4.353835,7.479096
24.290953,-1.640635,9.348383
27.945181,-7.909205,10.332652
27.684318,-16.981110,8.439669
22.496502,-21.474006,10.213556
18.561212,-20.569040,10.988345
18.517224,-16.771243,8.838186
15.858086,-13.296143,5.963553
9.520682,-12.424457,6.586448
5.671901,-9.985316,11.651832
6.114294,-9.790394,18.745138
9.752940,-13.949997,22.648442
14.782927,-18.877591,18.116696
16.460721,-22.340911,11.793480
15.412107,-22.872789,7.394848
14.694574,-20.613136,6.025680
16.058869,-16.734999,9.873031
18.312950,-12.258271,17.866891
20.765157,-13.242772,21.817321
22.304157,-16.886509,20.583345
21.086187,-18.535366,15.388861
16.312915,-15.674245,10.479560
11.256415,-9.819346,8.651789
13.339847,-3.183439,7.801698
18.741704,0.985973,6.675361
21.816155,0.544531,4.581082
22.285252,-1.322781,2.843678
21.292508,-4.986809,0.647813
16.338833,-4.599520,5.091981
11.507868,-2.558286,7.277475
5.942950,-2.691501,11.682611
3.328557,-6.016197,15.530417
4.787963,-6.352833,19.201426
10.045804,-6.995559,22.113782
15.871990,-10.645531,21.775591
18.199332,-14.026267,19.931024
13.258812,-15.039308,20.462040
4.226068,-13.156295,23.712830
-3.784121,-9.254681,26.519691
-9.358333,-5.772189,26.100288
-13.479630,-1.313054,22.192867
-17.733697,7.456218,19.849470
-18.950324,13.609800,16.754091
-16.880887,14.438622,10.751583
-14.198118,10.070162,5.755288
-14.056253,0.244381,6.941640
-15.937249,-7.748029,8.776452
-16.995435,-12.025218,8.971997
-13.540398,-9.234015,8.621871
-9.044986,-8.589813,11.230327
-4.938729,-8.588785,12.023088
2.278053,-5.980045,9.078456
4.975807,-1.508733,8.270714
2.352020,4.348768,8.860664
-1.534177,10.524670,9.070200
-3.525363,12.753624,9.385776
-3.784736,11.866369,10.036896
-3.715941,6.666283,9.061646
-6.105328,1.220848,8.367079
-9.796110,-5.669395,9.269105
-9.481329,-14.279378,7.397977
-7.307473,-17.639771,4.698190
-9.043814,-16.310094,6.509989
-12.919609,-10.224348,9.754649
-12.005027,-3.150931,5.994534
-11.388066,3.097079,5.445828
-10.161088,7.338255,8.588334
-2.938600,8.124256,10.356097
4.532640,7.314205,9.035177
2.369778,8.178620,9.483624
-1.246045,11.219791,14.150511
-7.543022,12.804630,18.664383
-15.851201,7.104888,17.084694
-23.984332,1.156214,12.580032
-34.002759,-1.191492,11.612240
-37.873408,-2.389957,11.455674
-36.129140,0.482208,9.898591
-31.430383,3.872041,8.560572
-23.336815,5.924857,8.774878
-15.762714,5.115817,10.243113
-10.956474,3.441751,9.981757
-5.926176,0.457710,11.572983
4.146846,-6.420418,16.131010
14.689451,-12.671921,21.347446
23.072715,-12.434009,20.362435
29.365000,-7.557194,13.204007
29.249865,-5.297990,8.028385
23.719922,-4.803688,4.908354
16.894113,-1.523321,2.888808
9.186552,3.251518,2.796661
6.719602,3.180869,4.181160
10.953260,-0.607280,6.693128
13.240466,-2.859284,11.097267
11.351805,-4.417560,18.096134
13.036069,-3.577903,16.564764
14.288871,-3.213171,12.197137
14.331958,-3.913084,9.830316
15.931232,-5.923779,8.341563
17.468900,-6.643470,6.945449
16.862562,-5.805197,4.744343
13.973533,0.238319,-0.411884
6.389071,12.809199,-3.344567
-4.036360,28.798819,5.152347
-7.188359,41.221153,10.425965
-11.539387,48.760785,14.469766
-15.287893,48.021952,17.458059
-16.338978,41.118686,17.521683
-14.506315,34.842171,9.375797
-13.084078,31.716475,1.073036
-13.796964,26.030857,-3.922362
-14.048955,22.150600,-2.949106
-12.775965,21.035731,-1.163201
-12.276144,16.982612,0.039541
-13.371717,11.501630,4.644074
-11.785163,9.420978,9.916156
-6.025411,8.612604,13.394339
-4.874224,1.491257,16.513066
-7.227306,-9.742016,15.381724
-8.683810,-20.759234,11.025146
-6.984969,-25.661113,9.778087
-2.543872,-25.876908,11.327969
2.630305,-19.626462,12.663782
3.942391,-10.648383,16.239017
3.818712,-2.443964,20.025978
2.956098,5.052162,22.710891
-1.221476,12.431472,21.221463
-8.432568,19.535572,15.495672
-13.871916,19.891663,10.449120
-15.706365,15.921357,7.653057
-16.441993,8.283551,9.745190
-13.730693,-1.235201,8.690359
-9.970640,-7.766728,2.085482
-5.771396,-10.510821,-6.665432
-4.382529,-11.423914,-12.641567
-3.583146,-12.180361,-13.471259
-0.189250,-11.255823,-11.521783
-1.776593,-8.020051,-5.933202
-3.078934,-3.673144,0.233920
-2.096452,-1.041357,5.867672
-0.354393,-0.427464,8.869224
0.424685,0.636428,8.208982
1.651554,0.288767,4.799715
3.906049,-3.406142,3.122034
6.000129,-7.914179,1.751866
4.495628,-8.399359,-0.260910
-0.275485,-5.276015,-0.927436
-5.332746,1.055652,-2.807697
-13.055477,13.499368,-0.759461
-18.903844,27.515131,4.852384
-15.502589,35.834532,7.134350
-5.796837,34.599523,6.626131
4.292544,27.031442,6.578154
7.959719,19.886168,4.012912
7.574901,15.680513,3.794749
4.940402,15.729489,1.975138
-0.994154,20.371453,-2.094211
-9.148733,31.410724,0.946315
-12.011780,40.052275,5.293743
-7.989872,43.365573,8.637010
-3.018888,44.944325,10.658513
-0.407762,42.395649,12.215407
2.791611,37.132287,12.488697
7.695174,31.440056,16.334898
14.282515,24.265711,18.328267
18.729091,17.066863,18.965814
21.553358,10.645283,18.275201
21.211651,5.929457,15.087338
18.696803,1.549818,14.646680
15.387816,0.839820,13.459848
10.622067,2.551715,8.824112
3.883289,4.577272,6.939154
-2.396015,7.331942,10.427704
-8.585889,10.587057,12.512512
-15.463104,12.707595,13.368657
-19.642941,10.850607,11.112905
-17.554697,6.789070,9.764663
-8.806146,1.980510,9.844801
-2.070869,-5.543198,10.835181
1.992328,-12.191614,14.102584
6.017215,-15.899473,14.155956
9.539531,-17.750833,11.378551
9.357481,-17.396320,11.470123
9.436893,-19.403654,11.674922
10.242221,-21.211419,12.731544
9.404735,-20.612142,16.424755
4.939255,-20.642176,19.537949
-0.570123,-20.691882,20.027270
-4.471438,-18.746992,17.849274
-7.605774,-17.125366,16.384996
-12.261975,-13.863350,14.621802
-15.158467,-8.709137,12.539543
-13.508959,-3.948009,15.522319
-8.000309,-2.164162,19.513720
1.088078,-0.061779,17.624976
7.643930,1.418031,14.926493
11.322375,1.587295,16.549669
15.618135,1.080054,15.532772
15.082312,1.738667,14.478279
10.434246,2.772397,14.556780
5.325794,3.690914,15.284928
4.142384,2.937914,12.963902
5.615437,-1.581076,10.023366
6.920762,-5.590830,9.829030
7.631855,-6.021923,7.610824
10.061924,-4.035359,5.459946
10.254165,2.532807,7.458365
5.748450,10.294969,9.853170
-1.221324,18.586163,12.115283
-5.780230,24.639498,14.222372
-6.632608,25.188438,15.607517
-11.022246,25.452431,23.895801
-12.781157,26.268935,30.861392
-7.460153,20.559065,26.651581
-2.765647,11.620557,22.049209
0.225351,1.916731,16.724162
-0.290818,-5.916851,11.719740
-4.079671,-11.274868,7.989520
-7.629174,-14.744048,4.420071
-7.989292,-16.135695,0.377110
-7.526836,-15.691688,-3.199444
-5.254818,-14.807533,-4.681672
-6.275615,-10.744718,-1.802995
-6.463706,-3.457173,3.108788
-5.877771,3.724749,9.320633
-7.796911,6.261814,14.840604
-4.442225,5.524282,18.886889
4.746629,-1.069174,18.863735
8.570474,-5.942484,18.629792
5.048315,-7.401106,15.832526
2.080725,-4.193065,9.568704
0.127392,1.093803,6.963768
-1.697962,3.467874,6.648322
-0.949784,5.655150,7.030900
1.501095,8.771641,5.323993
0.336726,9.384630,1.392917
-0.151582,4.694404,0.204541
3.950265,-0.822147,0.686181
8.840837,-5.185375,1.493049
10.214474,-7.343120,0.892116
9.024882,-9.818569,0.061261
7.733671,-9.583953,3.456955
8.538076,-5.070828,6.917295
13.134053,1.193654,7.136936
18.292673,5.135029,6.440989
22.023942,5.344173,5.388134
23.187420,4.470024,6.059283
20.835040,2.837502,5.844512
13.855615,3.391543,5.733090
6.293715,3.165068,4.674254
0.268685,0.542745,5.842878
-2.033565,-3.550693,9.221840
-1.994523,-6.391269,8.482157
0.536197,-10.227093,7.782822
1.638516,-13.641589,7.211409
1.789447,-18.021212,5.067175
-2.263643,-19.807753,5.737009
-7.499968,-19.466670,5.341431
-10.779054,-20.072947,2.095231
-14.163420,-23.006223,4.276534
-15.215105,-26.256492,4.566815
-12.953768,-27.945226,3.867172
-13.236266,-28.381411,7.687237
-15.298674,-28.226422,9.668459
-17.705410,-28.306641,8.908782
-17.044496,-27.151477,5.355099
-16.224769,-25.715986,2.728905
-16.852186,-19.406030,5.945533
-16.120646,-11.100842,10.251143
-15.715203,-3.774328,14.377459
-14.758996,-1.267706,12.652169
-13.484664,-3.574854,10.885245
-10.682885,-7.662405,12.060452
-5.427130,-12.198424,9.211617
-0.193115,-12.104369,8.987396
2.203161,-9.802535,10.458940
4.352830,-6.558636,9.645070
5.728967,1.684422,8.151811
5.574050,11.360186,6.340709
6.848170,18.408212,7.697975
9.345071,23.114334,12.118605
12.138638,24.179166,13.231586
13.658592,23.039402,12.871036
14.500960,17.754194,11.215675
12.267684,12.445557,12.877240
8.012736,9.121614,14.616154
3.601915,6.197304,13.479432
-1.535188,4.798091,12.613877
-5.297394,1.808923,11.626557
-6.154456,-1.085733,11.432449
-2.834917,-3.052759,12.565263
2.271287,-3.113503,12.033414
4.921965,-6.062163,13.703938
7.311329,-9.029559,10.018030
8.158723,-9.426107,3.820160
4.859012,-8.264753,2.232557
0.292211,-7.644386,1.827581
0.947593,-7.571731,3.330001
3.640799,-3.583459,6.053204
5.509186,-1.594033,10.408505
8.784846,-0.850385,12.355217
13.324934,4.736507,6.953746
15.770592,8.710140,2.408140
12.604795,8.575558,3.334574
8.626206,5.720631,4.235859
5.410136,5.340751,7.817749
5.985837,1.724453,13.192730
9.308391,-7.825793,14.315414
9.930969,-14.983838,12.731991
10.515147,-20.736439,13.726035
10.630201,-25.288455,14.022085
11.483533,-25.096644,15.020717
14.562238,-25.713146,17.182153
13.872532,-25.704938,17.067207
10.390725,-24.534720,16.690435
5.684093,-23.499891,15.046340
1.438182,-22.422531,12.754050
-0.329106,-18.969783,10.899908
-1.987786,-14.374024,10.764036
-1.802771,-12.654114,11.029550
-0.518782,-14.625306,8.286077
2.737691,-16.402628,6.600475
5.341371,-16.923769,6.469739
4.266587,-15.325517,7.826467
4.511755,-13.194263,8.997399
4.201618,-11.289824,13.125915
4.239155,-10.883322,16.647029
4.063375,-10.717501,18.482546
2.710226,-11.891227,20.146032
-0.378273,-13.430355,21.948887
-1.872876,-12.253406,21.865720
-4.487515,-7.611924,16.991774
-8.104043,-1.915481,14.412292
-8.411020,2.059543,13.104612
-9.734463,4.051327,11.753124
-12.173964,3.849397,12.469716
-13.283878,4.962578,11.983929
-11.402178,5.898292,7.586387
-10.428115,7.998768,4.734682
-9.590826,9.349128,2.050762
-11.215869,10.189271,1.693572
-10.359362,12.414926,5.524871
-7.808298,13.840312,9.157038
-6.920259,12.333627,11.052353
-6.335868,10.588252,10.978014
-4.447752,8.731254,7.595513
-4.477784,9.532666,8.574437
-3.941839,12.849588,12.554419
-0.794183,14.905826,17.483013
1.534776,15.431461,18.526639
0.237644,17.601264,17.357728
0.481006,18.231425,16.275105
2.436224,19.152106,14.843465
3.230596,19.857686,16.322050
5.135503,18.560608,17.734865
7.572344,17.078137,16.539411
6.880683,15.816137,17.524963
7.437931,11.812607,16.506132
9.858519,5.977152,10.543283
11.138992,5.962244,7.508999
9.466532,8.761390,11.500803
7.900568,9.909589,14.181590
6.818830,11.326650,16.664180
8.284938,10.135482,18.326415
8.344417,7.635082,21.008937
4.874060,6.090480,24.382402
5.521165,4.137305,20.884574
5.698760,2.314995,18.184717
2.332557,2.434618,16.976192
-0.103364,5.214611,14.784609
-4.354144,9.832969,11.613469
-9.543593,14.665113,7.639114
-12.846200,17.237308,7.714399
-13.951803,17.115181,10.612096
-14.905514,16.360047,13.976182
-12.466646,12.542453,15.766474
-7.881262,8.369460,14.480895
-4.768124,4.741726,14.466241
-1.050348,1.881822,17.610180
3.890464,-0.816050,18.540762
7.844929,-1.685962,18.113928
8.098629,-1.686354,18.301453
6.463369,-4.622636,17.225301
7.019846,-6.404708,13.632412
6.630038,-7.135090,13.460438
6.003623,-12.260156,16.170952
6.929806,-17.385808,17.027426
7.263455,-17.897402,15.373664
3.111827,-14.166968,16.063118
-0.221723,-11.610021,14.504137
0.898176,-12.934953,11.730030
3.987314,-14.682691,12.060551
5.615533,-14.925967,13.231620
2.862854,-12.657137,11.903657
-1.942972,-8.225372,9.581625
-7.904909,-3.230833,8.109981
-11.685274,-0.888300,3.182880
-13.932819,0.431937,3.135459
-14.563829,0.372363,5.048881
-12.766657,0.291321,3.681925
-11.615515,3.453157,2.219627
-7.585300,7.105563,1.513318
-0.795614,8.370190,-0.907029
4.074916,8.595492,-3.472167
7.817793,7.878158,-5.914778
7.555964,7.166816,-6.387973
0.144040,6.867307,-4.360480
-6.193879,9.705180,-3.875005
-9.214149,12.655290,-0.995043
-14.098292,17.277989,6.080153
-15.069294,19.469431,9.292284
-14.078225,19.237636,11.055373
-10.920756,15.149654,12.581364
-5.941819,11.317761,11.444066
-0.723954,8.799993,6.039667
4.063860,7.060284,4.150884
9.206441,5.992039,0.683236
9.718194,6.385533,0.636197
7.197217,6.809478,3.364817
4.557980,7.191381,1.150705
2.499308,6.270885,-3.686625
-0.337130,6.277066,-5.025923
-3.355864,8.754586,-1.678626
-3.571473,8.935297,-0.698530
-3.497345,7.251726,-2.254652
-3.639418,1.448233,0.451816
-1.873803,-3.260976,3.555516
-1.523120,-7.548931,3.535774
-3.191363,-11.267351,3.743253
-3.005249,-14.912251,4.163646
-4.961313,-15.022507,5.480191
-6.536854,-14.871536,4.082525
-6.053078,-16.408923,2.014406
-6.914272,-15.459656,0.992645
-8.075382,-10.177065,1.912224
-8.440855,-5.196904,2.454830
-8.713626,-1.862513,1.993651
-9.166536,-0.723374,3.590879
-8.257385,-0.481469,6.497440
-6.523988,-1.020029,7.317841
-3.482329,-3.261694,7.275143
2.406632,-6.428879,7.450166
7.160895,-12.230640,6.458306
8.940191,-15.774183,6.925333
8.321000,-16.523357,5.800670
5.742568,-15.918456,7.016802
2.011104,-14.437382,9.159678
-0.368097,-13.193719,7.912465
-0.777872,-11.178411,8.066934
1.499095,-10.260128,7.598816
3.284537,-10.208249,5.081787
0.284306,-9.235291,4.013022
-0.747488,-8.285244,4.537736
2.300718,-8.970390,1.257485
3.872189,-9.425487,-4.850000
3.119824,-9.792566,-5.487846
4.418346,-9.834164,-4.619130
2.011558,-8.690672,-4.753554
-2.098710,-8.177680,-4.228474
-4.048268,-8.168335,-5.310217
-3.859509,-8.313889,-6.830346
-5.157762,-6.960281,-4.163432
-2.462189,-10.067333,-0.132178
0.409582,-15.236977,5.112200
1.362633,-18.579236,6.905507
1.422712,-21.498863,6.284588
-0.509935,-22.143315,6.926854
-3.178864,-20.199728,9.757844
-3.501769,-16.146567,15.597789
-3.664895,-11.924584,21.206646
-7.211938,-5.998371,23.079749
-9.398790,0.611373,23.458428
-10.616523,5.633325,26.281864
-8.801589,7.198767,24.692660
-7.058421,9.980565,21.014593
-5.390082,13.773529,16.936033
-4.333800,15.490383,10.300473
-4.723809,17.528830,6.362718
-4.556929,18.903486,6.342347
-1.223607,16.687073,8.464942
1.459828,13.427403,8.364993
1.915369,9.465440,6.261278
0.993155,8.265125,6.205025
-1.783571,9.515992,8.504670
-4.344987,12.208052,13.765358
-5.577003,13.780103,16.342897
-5.023747,13.251191,16.192561
-1.866185,9.905030,16.389292
-1.453168,5.864685,17.669039
-0.014439,1.944593,18.817800
3.454715,-0.730845,17.684282
2.959850,-2.291038,14.746071
1.421345,-2.835983,12.986749
-1.232756,-1.084304,12.776474
-4.610230,0.199349,15.670372
-5.459696,2.338047,20.021600
-5.347861,4.564356,22.494230
-6.408274,6.830390,21.951761
-7.971589,8.468589,18.846501
-7.425888,10.324652,19.042847
-6.547066,10.848898,19.880411
-7.002372,9.562888,15.933986
-8.257487,11.274975,11.613139
-10.530577,12.700025,9.182447
-11.882924,11.905950,9.299352
-10.895625,10.432374,11.783936
-11.551100,9.194224,14.025850
-11.512175,8.208193,15.874353
-10.907178,9.484568,18.374257
-12.123653,11.418411,19.562719
-13.011373,13.184356,18.551565
-10.841247,13.087471,17.297453
-8.648185,10.830389,12.308586
-6.636812,6.827421,7.856948
-3.196466,0.567454,7.113896
0.203040,-5.353170,7.385323
2.911477,-8.327266,8.031781
6.027821,-8.355332,7.177888
10.328264,-8.035240,8.391306
12.660899,-7.711701,9.616683
12.469981,-6.334740,10.137335
10.312218,-5.873415,13.279494
7.263914,-6.687249,14.892998
6.247612,-6.251717,15.135326
1.914974,-5.131013,16.397220
-4.108222,-4.709682,17.151029
-9.532527,-3.086487,19.951738
-11.735813,2.076107,22.650966
-10.001700,4.380776,19.797370
-7.798827,3.816790,18.476040
-2.277678,3.190924,18.336562
3.572182,1.039617,18.977838
3.872526,-0.008086,18.935360
2.624039,-1.366531,17.864374
1.781717,-0.907043,19.434608
1.268757,-1.840378,19.748259
3.873775,-6.197024,18.559975
5.214734,-11.045917,17.417171
7.401188,-15.548607,16.765880
10.872311,-15.793762,14.350027
13.921696,-15.716125,12.165309
13.463753,-14.122865,11.386554
12.211453,-10.391988,9.922383
12.943467,-6.872533,10.995668
14.686825,-4.801114,12.575728
16.253829,-3.551086,12.998382
17.725418,-2.413847,12.709558
23.290380,-2.796046,11.995418
26.509773,-4.056877,11.050545
27.293444,-2.785964,9.526450
26.680114,2.883409,6.812903
23.458432,9.786193,3.471628
21.863549,12.915884,-2.323891
19.835387,11.914155,-5.338477
16.819346,11.436416,-3.854176
15.203895,11.662890,-4.033669
14.200338,9.098489,-4.643379
11.119604,5.379379,-3.529698
8.939546,0.624588,-2.940374
7.759197,-3.042445,-1.155126
7.790092,-5.409661,4.058480
9.761580,-8.723645,11.592898
11.164424,-9.737868,15.916003
12.635909,-11.877386,19.525926
14.806921,-14.111188,23.538745
16.005754,-15.552097,23.769976
17.456711,-15.398181,22.760618
18.052135,-14.881330,25.140137
19.459715,-15.141407,25.528320
21.222360,-16.191051,22.370611
20.069869,-16.355526,20.932521
17.359451,-12.695469,20.175711
12.621288,-7.565117,19.153490
5.719171,-2.818240,18.760136
0.278026,0.710759,18.569528
-2.144769,2.796929,16.941328
-3.378396,1.902230,14.653139
-5.638344,-1.087235,14.080689
-7.098613,-6.023109,11.484456
-9.525902,-5.804489,9.604362
-11.448600,-4.713125,10.035168
-14.313424,-2.722626,9.999236
-15.927143,0.099162,10.422359
-15.313479,1.093251,10.729000
-14.121924,0.834882,11.296049
-13.353483,0.504347,13.159401
-10.145304,1.692029,12.730087
-7.039954,5.789025,10.313284
-5.572935,12.315238,7.528585
-5.458560,19.894760,6.490233
-5.109347,25.474676,7.256047
-4.737195,27.286996,4.305262
-6.864366,26.408019,0.888725
-8.357992,24.025142,-2.251018
-10.416692,22.426822,-3.022270
-12.076193,21.240717,-2.929374
-11.484302,18.073399,-4.788295
-10.220072,14.416505,-7.035532
-10.839911,13.726702,-8.592052
-11.986492,15.698025,-9.621944
-11.338725,17.470445,-9.327433
-9.367612,15.046902,-8.857068
-6.692761,12.376677,-8.552745
-4.836328,10.481667,-6.982981
-5.021755,8.019557,-5.758904
-4.672289,9.280789,-5.993391
-7.109284,11.455529,-4.489212
-8.392835,12.768658,-3.051312
-7.816279,12.283630,0.074609
-5.148013,9.407011,5.291193
-1.604037,6.433579,10.144437
3.245128,3.626840,11.599988
8.973724,0.977251,11.163875
12.411566,0.261082,13.650329
10.787197,-0.459339,14.968017
6.268280,1.923875,14.895031
1.866094,3.804561,14.621863
-2.244337,3.141773,14.373730
-2.612469,0.464500,14.296595
-3.200935,-2.083073,14.759699
-4.323441,-2.919425,15.757048
-5.270776,-0.976092,13.634088
-6.944237,2.977861,11.944638
-5.554245,5.801090,11.797665
-2.376916,4.918146,11.393004
-3.536029,0.207290,12.890270
-5.601688,-5.333565,11.423900
-7.096407,-7.924274,7.595844
-8.802422,-7.419886,4.426768
-8.370594,-7.679406,1.932598
-6.187900,-5.596822,1.195524
-5.603774,-5.034102,1.001066
-6.992556,-4.662425,-0.145227
-6.383382,-3.594613,-0.841660
-6.879162,-5.737067,-2.834804
-7.613524,-7.389349,0.552136
-6.996897,-7.623759,6.284601
-5.594574,-5.344817,6.704244
-1.938402,-3.105810,6.271882
-1.639780,-2.297778,6.079695
-4.273017,-0.626374,6.982065
-7.896214,3.579487,8.068730
-11.285550,3.989712,6.980150
-12.847085,2.125415,4.870790
-11.023428,2.008658,3.855870
-7.407383,0.528446,6.533862
-3.577589,-1.291131,9.739856
-0.093040,-2.145575,9.849331
0.925229,-2.012964,10.197348
0.354290,-2.250404,10.023416
0.908835,-2.824691,8.696327
2.316927,-3.953912,8.921556
5.222158,-4.643741,10.233512
5.550288,-5.655647,9.643433
4.823500,-5.642279,12.292463
2.576215,-3.720555,14.784685
0.553056,-2.226801,13.785434
0.367161,-1.242457,13.098221
1.406591,-3.055514,15.174909
2.099527,-3.323424,17.435048
2.016502,-2.409592,15.281084
1.141988,-0.143099,13.259608
2.680957,1.308075,11.301145
1.342799,1.167195,11.736860
0.364873,-1.363058,15.048986
0.190800,-2.630503,16.011644
2.219985,-1.406650,16.150261
2.662331,-1.774559,15.774906
-0.749606,0.007154,14.481117
-5.459534,1.938753,16.809660
-8.673094,2.831337,17.978458
-10.068839,4.475880,16.839598
-7.986759,5.297459,15.618474
-4.922217,5.762593,15.523323
-3.183673,5.649692,14.888030
-4.116208,4.958325,14.436129
-4.972620,5.444585,16.219926
-7.007616,7.680388,15.365924
-9.349321,9.113378,10.705980
-6.076368,8.498152,6.908785
-0.897566,7.309208,7.925147
0.800884,5.971935,12.390022
3.086878,3.520642,12.448749
5.484658,1.285381,12.423169
6.964158,0.294798,11.086377
10.079823,-0.423271,9.402516
11.541154,-2.003815,11.719347
11.993320,-3.392770,12.540280
16.368482,-3.984211,11.754489
17.282894,-3.284872,15.667944
17.544440,-2.782721,18.487423
18.514555,-2.407172,19.875142
17.001577,-1.514864,20.187139
15.874599,-3.906726,18.514890
14.711293,-5.105789,14.431096
13.530177,-4.293570,12.204417
10.132985,-4.345508,12.012264
9.457348,-6.654298,12.096780
13.349706,-11.129268,13.234390
16.406317,-14.754725,11.863713
14.389634,-18.024676,11.118275
12.388899,-19.408144,10.229208
11.399698,-16.109219,8.362023
8.870020,-12.812079,9.600907
6.253159,-12.533246,11.704068
3.663335,-10.585604,13.305289
1.126240,-5.417778,14.358831
0.739892,0.398596,14.100686
-0.880446,1.373490,12.489677
-3.916565,-0.176667,13.133018
-4.283240,-1.409441,16.607071
-1.649075,-5.027030,16.007410
0.622528,-9.681416,14.383765
1.610803,-13.919890,14.369315
0.187055,-14.690627,14.766331
-0.762447,-13.744167,11.755033
-0.457965,-13.307795,10.549653
-0.370391,-12.622362,12.556101
1.433102,-10.512055,13.141861
2.729297,-6.764587,15.075066
2.548468,-4.098040,14.644822
4.076915,-3.935311,10.684581
3.486682,-2.722816,9.636697
2.053078,-3.978401,8.214163
0.561626,-3.663530,5.599920
-2.290249,-0.509445,3.590532
-5.482060,3.510149,3.299698
-8.960003,6.899365,4.415873
-14.004571,9.780119,6.747407
-14.518530,11.037015,8.600710
-11.596340,8.025673,8.156125
-9.099038,5.394774,8.216175
-6.028089,4.642876,8.338193
-5.686960,5.016820,8.212182
-6.070299,5.657243,7.318984
-3.476249,4.440558,8.456823
-0.155034,2.765060,9.925530
0.663378,1.396660,10.674898
-0.589300,2.015311,12.312405
-0.978291,2.502871,11.961726
-0.417533,4.182928,11.159948
1.442779,3.834077,13.296130
3.696188,3.381836,15.712538
3.848037,3.220817,15.145856
5.861616,2.861373,15.141545
5.269737,1.910229,15.742414
5.427983,0.714337,11.946648
5.705272,4.003786,8.287937
2.868628,4.593611,9.125418
-0.694409,3.579277,10.329161
0.087503,4.319524,8.601178
-1.122881,5.867235,6.705588
-4.452929,7.001178,4.694388
-5.729392,6.930196,5.831957
-4.863839,7.326869,6.072399
-3.818918,7.027202,3.763872
-3.876055,5.120950,1.914665
-3.995207,4.131995,2.260482
-4.633294,5.781634,2.293672
-5.412890,6.435270,0.941398
-3.784828,6.044186,2.536139
-0.192125,5.237280,1.033859
3.371611,7.255224,-1.475958
4.838696,9.846717,-1.814643
2.525505,10.433306,-0.858992
3.857155,7.302010,-0.070404
4.608100,4.168651,0.224259
3.686460,3.492865,-1.021682
3.707522,4.357591,-1.853940
3.025105,5.754559,-2.879616
1.510465,7.023731,-2.114007
1.095001,5.449402,-0.618877
1.710609,3.678926,0.726310
3.780397,3.824420,-1.118665
3.147364,5.630219,-1.428464
1.702195,6.061492,0.454333
1.366749,3.241578,0.917590
1.856240,0.598351,0.368576
0.197218,-2.512828,0.569840
0.478825,-4.244269,-0.518653
0.349748,-1.767665,1.058775
-2.474024,1.177964,4.121341
-1.521906,2.501494,7.458848
-0.342804,2.470337,9.958047
-1.404162,1.610922,11.401262
-1.339598,-0.262040,11.480181
-1.489229,-1.174363,10.903644
1.586994,-2.848443,9.543482
3.709705,-3.384214,9.474705
5.174437,-3.899709,8.695481
6.673148,-4.812608,10.153374
5.808107,-5.742541,14.159948
3.423429,-5.590963,15.312175
1.517753,-2.645468,14.801352
-1.822057,-1.335734,15.467501
-2.862457,-0.467891,15.397150
-2.896960,1.007874,13.990108
-3.402454,3.453529,13.511092
-3.713066,3.820562,12.660618
-4.412254,2.907996,12.003742
-3.418832,0.235276,9.903938
-2.297772,-1.882869,8.550278
1.389492,-1.224606,8.380589
2.010615,-0.081053,5.984864
-0.037033,1.422300,5.609993
-0.833286,2.346078,6.375099
-0.976981,2.653486,7.631931
-2.104260,-1.014619,10.187586
-1.744733,-3.894054,13.573639
-0.677902,-4.552262,15.326021
-1.398057,-3.157845,15.967175
0.848279,-2.392879,15.964815
1.286396,-3.424861,13.761668
1.724450,-4.007583,13.234034
1.371502,-4.853066,13.945142
0.455066,-5.489032,14.577104
-3.247552,-4.433484,16.629146
-7.314029,-3.250257,15.091563
-8.949196,-0.770714,14.029224
-9.257992,0.096569,14.067078
-10.703597,-0.204914,14.297332
-12.484560,-0.507383,15.104282
-11.967743,-1.634818,15.827907
-11.624225,-2.337232,17.676854
-11.838220,-1.534386,19.630796
-9.880593,0.453174,21.722294
-7.404268,0.331190,22.823893
-8.488644,-0.487559,22.337387
-10.582013,0.429009,22.800970
-12.738465,0.249679,24.384216
-15.352214,1.632380,23.013884
-13.164825,5.073128,20.596616
-9.930146,7.070876,20.737945
-10.115245,7.109225,21.717836
-11.832912,5.901095,21.916166
-12.344934,8.200262,20.942539
-12.530991,8.440216,17.894812
-13.113554,6.168132,14.603139
-10.651876,3.049865,15.289780
-6.994950,-0.986528,16.106182
-3.612007,-1.039365,15.299710
-2.152939,0.108365,13.712821
0.235962,1.851576,10.497369
0.317176,4.986279,9.919125
0.188980,7.267954,9.682138
2.521438,8.459887,10.554361
0.824676,8.678139,9.577752
-2.107941,9.299242,7.985377
-2.071152,7.454230,6.960817
-0.894078,4.141078,5.280411
0.820569,1.344187,5.595710
2.728096,0.803172,6.980815
6.455296,1.575968,9.365355
8.498956,0.952488,9.567639
9.501520,0.471414,7.824614
10.784744,-0.362891,8.537700
10.611968,-0.716470,8.782471
11.241591,-1.407454,8.132307
10.459880,-0.224273,7.761898
6.960264,0.984455,7.923123
4.734178,-0.020068,7.988787
2.538800,-3.329835,8.306270
2.071099,-6.587427,10.695833
2.652458,-10.776534,12.049168
2.465996,-16.986080,11.290567
4.242167,-20.460962,9.921984
5.509122,-22.598611,8.316991
4.699847,-21.377305,6.797124
2.735615,-15.376097,6.801981
2.480525,-8.227662,9.550746
2.923789,-4.573487,12.638868
6.642854,-3.477379,13.312113
10.363744,-4.243140,13.171646
10.690089,-5.427845,12.371068
11.665161,-4.725612,11.007848
12.371192,-3.391726,12.266531
11.288248,-2.240462,12.734173
8.924156,-0.652255,12.560414
6.798583,-0.393162,13.768398
7.437819,-0.470867,15.464768
8.829093,0.255509,16.527458
10.676226,2.524189,14.647467
9.970237,3.875126,12.026561
7.695098,4.080165,10.964868
6.252054,3.389489,10.913201
4.783597,1.847692,8.445294
4.196100,0.286657,5.300468
4.222170,-1.901941,2.337335
2.618912,-4.521594,0.880373
2.650926,-5.919338,1.806649
2.892064,-4.935817,2.612055
0.885233,-4.332045,1.122588
0.017827,-3.579155,0.134377
0.649644,-3.576500,-0.122010
-0.918282,-4.385212,-0.431461
-2.154393,-5.932279,1.743224
-1.226350,-6.692057,2.623448
0.664775,-6.084091,2.991182
2.213141,-5.887295,2.787631
4.766712,-4.613184,1.829527
7.261441,-3.462318,0.748028
8.479089,-1.901219,0.431502
8.778165,-2.622884,1.978264
7.691655,-3.483256,1.368864
7.250001,-3.143047,-0.251784
7.053391,-3.261159,-3.156180
4.988126,-3.888157,-5.195018
3.790466,-3.298382,-5.879670
2.221117,-1.886345,-7.379433
0.843303,-2.130004,-4.935070
1.146747,-3.226003,-0.961371
0.806216,-2.685740,1.900529
-0.336275,-1.833329,2.991635
-2.180362,-1.315004,2.452235
-0.890576,-0.801023,1.364619
0.537177,-0.558200,3.315671
0.385928,0.210093,8.005763
0.319915,-1.496792,9.231489
-2.161769,-3.586011,6.969415
-5.057629,-3.405469,5.227044
-5.276475,-2.467587,6.311947
-4.633614,-3.426519,8.400283
-2.966270,-3.460079,9.470963
-0.546557,-3.026282,9.315397
0.174732,-2.149535,10.280418
0.209940,-0.826062,10.487881
0.024120,1.272663,8.243454
-0.067460,3.938876,7.029154
0.008196,5.939210,7.091417
0.914801,6.491010,7.691571
1.819901,5.819238,8.322083
1.155276,5.671111,7.301542
0.600524,3.777183,4.679237
-0.894877,1.982146,3.448932
-2.786346,0.384459,3.692255
-3.260739,-0.200598,3.052022
-4.928844,-0.318690,2.641001
-6.918022,0.482920,2.349109
-7.701240,1.456725,3.395377
-10.338534,2.274692,4.831732
-12.430243,1.909649,5.166955
-12.298996,-0.713073,4.266436
-10.949114,-1.997310,4.110270
-8.552463,-2.314953,5.948654
-7.919717,-2.943394,8.207896
-6.257712,-3.339393,11.076303
-5.006669,-3.064535,13.352949
-6.367005,-3.642724,13.303802
-8.565995,-3.957753,14.005977
-9.350288,-2.595098,13.420163
-8.254202,-2.211975,13.298294
-6.431404,-2.211634,13.934692
-5.584224,-2.403343,13.266861
-4.754595,-2.592643,12.194418
-4.273992,-3.069614,12.338838
-5.598800,-3.314519,12.676972
-6.021120,-1.798375,13.860557
-5.396062,-0.557549,15.711848
-6.177838,-1.074395,16.804714
-8.478242,-0.588011,18.485540
-9.373261,-0.106096,20.036319
-8.073198,-1.219019,21.858480
-4.750794,-2.069652,21.986390
-0.598359,-1.345239,19.961237
1.242735,-0.484183,18.887839
0.128762,0.663290,18.757661
-0.429563,3.147345,20.310790
0.353489,5.778193,21.743108
1.193730,7.071494,24.289094
1.695850,6.362192,26.828886
2.714051,5.800583,27.890348
4.245030,6.166932,28.557984
4.014900,7.027688,28.184904
2.541866,8.683269,27.801702
1.490960,10.901385,27.886535
1.014507,13.261887,29.174994
1.523457,13.895360,29.332759
2.692774,12.784664,28.501607
2.156151,10.910662,27.170430
2.854216,10.169146,24.107140
3.010039,10.273015,20.978877
2.623491,10.032253,19.108447
0.551137,8.857087,17.800209
-1.660840,7.383990,14.873707
-3.323890,7.319824,11.148741
-4.151065,6.615863,9.243268
-4.556054,4.920270,6.953455
-5.748963,2.594136,4.805339
-5.643312,2.028404,5.873128
-5.031824,2.163576,8.429499
-5.768603,1.367916,9.828047
-7.871126,0.697731,10.453714
-9.751323,0.890222,11.129208
-11.082882,-0.144733,11.719687
-12.194575,-0.811381,13.355266
-11.223290,-0.157419,14.916180
-10.175706,0.585024,15.913693
-9.289820,0.251716,16.407172
-9.371319,-1.671273,14.528900
-10.550934,-2.931146,13.017545
-10.222978,-3.187421,14.117728
-9.597368,-4.903375,15.662195
-7.132924,-7.412503,16.314931
-3.138214,-8.864873,14.671035
-0.968321,-10.646359,11.336406
-0.797539,-11.350496,9.906531
-2.155699,-11.394800,9.837570
-1.609280,-9.899692,10.804823
-0.080906,-8.074175,11.076422
1.005465,-7.842145,10.144558
1.880856,-7.182593,10.348089
1.992261,-4.936799,10.793263
2.336446,-3.057339,10.427654
2.873603,-2.858754,8.557453
3.142854,-3.538162,5.707168
4.215707,-4.810743,3.282394
6.678894,-5.375346,0.130442
8.885843,-5.151584,-2.794471
9.036560,-3.163388,-4.288288
8.678278,-0.773519,-3.396645
8.821053,-0.733374,-2.273732
10.445263,-1.488289,-1.728179
11.424631,-1.540972,-0.511692
12.309311,-2.352065,-0.981747
12.410802,-3.264003,-1.055220
12.210986,-2.664951,0.303133
13.030417,-0.738214,2.326831
14.028721,1.463456,3.294422
13.834548,3.612820,4.072560
13.991387,4.569935,3.846135
12.091476,5.380857,5.459639
10.918652,5.450257,7.387233
12.253920,4.795027,7.015750
13.003306,3.799127,5.408754
13.620214,3.503020,3.763486
13.987476,3.392916,5.417139
12.311328,3.966061,6.833097
10.437122,4.830060,6.923131
9.825033,5.423550,5.904125
9.711567,6.256309,4.741610
10.137254,5.446440,4.596219
8.576745,2.746627,3.881474
6.796986,0.322632,1.506623
4.579557,-1.054570,-1.243370
4.343812,-1.649834,-2.674192
3.496893,-1.872223,-3.315737
1.257522,-1.684772,-3.618047
0.593470,-1.717778,-4.939911
-0.929110,-0.461081,-5.147483
-0.587942,0.328887,-3.049364
1.258565,-0.766532,-1.602700
2.425225,-1.401823,-0.083713
4.059429,-2.883910,0.959794
4.813223,-3.620454,1.275873
5.204347,-2.722153,1.720908
3.914563,-1.567343,2.592360
3.719649,-0.989324,4.274099
1.749053,-0.635390,6.081217
0.408247,0.362602,7.934255
-1.055247,1.296738,9.226797
-3.007436,1.803029,9.121179
-4.246302,2.368977,8.229474
-5.126042,2.829707,7.980200
-5.593809,3.677388,8.352712
-4.231691,2.779553,7.625275
-2.417018,1.602525,7.833770
-1.758403,-0.076095,8.108199
-0.366682,-0.773832,7.224783
-0.569398,-0.538625,8.333128
-0.941849,-0.499268,8.942676
-2.161556,-0.227739,9.290726
-3.669022,1.394215,10.375650
-5.248286,1.791607,11.530946
-5.155629,1.761503,11.926786
-5.464326,2.270185,12.088805
-5.594968,2.366554,12.796067
-6.312684,2.506948,13.585476
-8.018828,2.794779,13.784058
-7.396461,3.736588,14.037479
-6.431179,4.218413,13.496166
-6.497270,4.140997,13.624353
-6.934838,3.650240,13.967923
-7.469628,3.538057,13.821865
-7.588612,3.864233,12.839583
-7.585408,3.838052,11.923986
-6.365968,4.470151,12.670588
-5.686847,3.947002,14.511839
-6.098464,3.387892,15.224691
-5.912614,1.982511,15.988443
-4.786549,1.341906,17.212011
-1.336203,0.783923,18.338646
-0.188379,0.242218,19.157441
-0.030785,0.778773,19.533662
0.573440,0.829535,19.152433
-0.373151,0.330799,17.944213
-2.465592,2.291928,16.729189
-4.266550,4.230547,16.263078
-5.885211,5.308482,16.184204
-6.075796,4.185681,15.465822
-5.081389,2.374955,15.951716
-3.964425,0.927639,16.174712
-3.616729,-0.015103,15.869343
-3.560572,-0.970794,15.285401
-4.226944,-1.928773,14.176706
-5.050890,-2.855916,15.666369
-4.077837,-4.503433,15.508043
-2.530464,-4.631387,14.683991
-0.568243,-3.416435,15.606950
0.026657,-3.341164,16.722061
-0.521732,-2.808515,18.001166
-0.222199,-2.486749,18.878532
0.772315,-1.033963,20.552036
0.771289,0.700066,20.839704
0.012092,2.588971,21.981517
-1.460527,3.836416,22.761478
-2.106294,4.906858,21.189734
-1.636928,5.643707,20.166546
-1.426540,6.476495,21.192520
-2.089735,7.274608,22.302160
-1.155943,8.644617,22.605910
0.278450,10.012781,22.651903
0.431809,9.696790,21.259811
-0.499103,9.518136,19.319009
-0.453066,9.758649,17.600354
0.252151,8.985609,15.604357
0.445824,9.237309,13.462390
1.810185,9.126481,12.187316
1.953044,8.178735,12.142158
2.007431,8.380480,12.193739
4.200892,8.026171,10.372831
4.967627,6.477985,8.857710
4.347689,4.750230,8.489320
4.575659,2.942476,7.778724
4.892511,2.126414,8.439860
3.737213,1.715709,9.750522
2.933709,2.581578,9.247977
2.503734,3.290937,9.047892
2.092493,3.856533,8.651360
2.741925,3.658294,7.468634
3.831192,3.857565,6.833599
4.503730,3.685588,5.650676
3.497448,2.439669,5.232333
1.562507,0.860049,4.393634
0.339043,0.822545,1.654558
0.079511,0.704546,-0.241581
-0.761440,0.578692,-1.467126
-1.590862,1.379972,-1.648533
-1.541001,2.937472,-0.765792
-1.066226,2.634829,0.331850
0.187755,1.782148,-0.040416
1.744561,1.685396,-1.149106
3.706000,1.037206,-0.923505
3.951160,0.500917,-0.187606
3.572592,0.269884,0.305349
4.252261,0.289776,1.975391
5.817140,-0.028962,3.162455
7.320644,-0.665353,4.494267
7.059884,-1.220326,7.058239
5.598126,-2.436074,8.686118
5.852989,-3.766474,9.114279
6.038479,-3.488699,9.603666
5.324087,-2.990468,9.776885
4.687241,-2.642444,8.276001
3.883198,-2.715927,6.560434
3.422276,-2.951410,6.318853
3.574127,-3.232814,7.063047
3.120437,-4.232013,8.067982
3.079606,-6.019864,7.031189
2.953690,-7.526881,5.945324
2.118988,-8.266080,6.668612
3.008064,-10.256972,7.514688
4.789952,-12.553005,8.581068
5.044872,-14.828089,8.628262
4.055690,-14.840610,8.733818
3.496351,-14.192748,9.864088
2.797755,-12.929031,11.246632
1.750819,-11.269268,10.854511
1.516584,-11.282032,9.813510
0.988882,-11.202361,9.878864
0.464267,-10.417269,8.742674
0.494266,-10.830388,5.266661
0.151435,-12.405565,2.951719
-0.782674,-12.057897,1.503230
-1.878626,-11.200350,0.352300
-3.315440,-9.637502,1.074838
-3.252565,-8.732367,1.306887
-3.173678,-8.620576,0.679494
-5.238224,-7.961219,0.985901
-6.479699,-7.070542,1.826014
-7.816618,-5.729745,3.894701
-8.248440,-4.709839,5.125573
-8.053826,-3.212589,5.402881
-10.186882,-1.396829,5.261398
-12.218357,1.101945,5.401361
-12.016708,3.698987,6.262471
-12.173268,4.989500,8.203211
-11.295749,5.599956,8.404281
-9.805970,5.610356,8.795178
-9.117561,4.669616,9.589178
-7.174096,4.582630,10.786502
-5.338035,4.741109,12.244174
-4.944867,4.418274,13.131956
-4.622140,2.958717,14.154347
-4.609809,0.571756,13.721857
-5.591017,-1.447880,13.044152
-6.704915,-2.173905,12.613505
-7.347400,-1.658282,12.046915
-6.654832,-2.173543,12.873165
-5.259170,-2.415308,13.550943
-3.068151,-2.380566,13.130985
-1.049134,-2.457899,11.672197
0.292843,-2.169757,11.042856
0.974521,-1.866707,11.945229
1.559846,-0.843345,11.263419
2.580289,0.383193,9.874357
2.790803,0.834617,8.019693
3.022640,1.411804,8.101309
4.591983,0.579030,9.534850
5.991773,-1.265985,10.707238
8.078291,-2.313409,10.784771
9.562232,-2.073292,9.285504
9.611761,-0.941457,8.477089
8.291906,1.444470,8.333906
6.433545,3.779876,8.124874
6.202801,5.585621,8.902293
6.268967,5.763209,10.857465
6.482093,5.526987,12.681825
6.396800,6.764611,13.950265
6.531886,7.428916,12.537373
7.386630,8.055436,9.789028
7.294106,8.227607,9.025891
7.052090,7.347927,10.254378
6.677533,8.333993,11.080779
6.017465,9.196774,11.493385
6.321007,9.171897,12.507789
6.981749,7.858150,13.558352
8.338393,6.701852,14.741072
8.741585,5.718445,15.137670
9.182162,4.759591,13.390479
8.438705,3.672093,12.155434
7.625997,1.943418,10.363871
7.873927,0.995377,8.449513
5.548618,1.851945,7.068036
2.051704,2.013080,5.989586
-0.515336,2.715532,6.871472
-2.357079,3.006972,7.581438
-3.537535,2.263957,8.523054
-3.504390,2.285715,9.956244
-2.475905,2.492919,9.885020
-1.516323,3.521523,9.622425
-1.457209,4.244783,10.119217
-1.618906,4.338838,10.045335
-1.404047,4.673702,9.702280
-1.912821,5.140810,9.824334
-2.395533,4.647983,9.580313
-2.897293,3.004067,9.853393
-3.776378,1.182246,9.802467
-4.296866,-0.656248,9.131539
-5.483772,-2.888117,9.516199
-5.580693,-5.472210,10.736279
-4.366074,-7.531684,11.585144
-3.714257,-8.743773,11.798856
-4.024338,-10.780573,12.847663
-5.249794,-11.845292,14.261525
-4.732732,-12.221700,15.414962
-4.475037,-12.775464,16.799797
-5.061394,-13.721271,17.223679
-3.822686,-15.001030,16.748354
-2.051857,-15.058864,16.668124
-0.935746,-14.579177,17.503161
-0.453448,-12.448614,18.531184
-1.727814,-10.022299,18.731412
-1.918704,-8.399098,18.430442
-1.167690,-6.750782,18.727738
-0.543967,-6.540871,18.605617
0.717525,-7.106497,17.471838
0.827972,-4.994833,15.678453
-0.018482,-2.858385,13.305309
-1.339332,-1.605287,11.166549
-2.754882,-1.170782,9.765672
-3.211232,-0.413692,8.133426
-3.371393,-0.663274,6.159882
-4.191099,-1.070070,5.118758
-4.284562,-1.501735,4.363742
-3.747220,-0.968390,2.637053
-5.544792,-0.540229,2.035489
-5.660208,0.220499,2.715174
-4.654994,0.377163,3.526076
-4.062205,-0.056000,3.922280
-4.247416,0.702348,4.701188
-3.666520,1.265103,6.723689
-2.075527,1.682241,9.131409
-0.895716,2.404425,10.466518
0.767344,2.944866,10.379384
3.361397,3.380920,9.804291
4.548195,4.207494,9.176749
3.852667,6.212568,8.534882
2.019399,7.628108,8.633883
-0.191001,8.081008,9.840084
-1.140602,7.738145,10.668541
-0.674975,7.118214,11.201856
0.010117,5.879038,11.753732
0.611894,4.758469,12.485287
0.560276,4.672731,12.893724
0.547505,4.754072,13.030629
2.109440,5.754174,12.820814
4.366464,6.768082,11.140428
5.894120,6.928391,10.312680
6.990415,7.276715,9.497500
8.310559,8.477305,8.420768
9.771164,9.262361,7.549910
11.958315,9.630553,6.010237
13.527778,9.708533,4.522573
13.354439,9.424894,3.587742
13.207191,9.243445,3.400880
11.395639,8.902535,3.274153
8.501718,7.436731,1.698612
7.190896,6.108705,1.710522
5.010947,5.201497,2.063230
3.021975,4.663162,2.787815
2.487649,4.037422,4.208588
1.072761,2.273856,5.430780
-0.729593,0.430314,6.315736
-2.139220,-1.066708,6.922983
-4.389427,-2.574701,7.619721
-5.386692,-4.611479,7.242611
-6.132235,-6.226761,7.740852
-6.404890,-7.202679,9.487188
-6.423583,-8.365108,11.117664
-6.893463,-8.719630,12.717988
-7.110506,-7.585059,13.928673
-7.822963,-6.055278,15.508367
-7.926906,-4.624828,15.863224
-7.816805,-3.234217,15.967629
-7.712975,-1.984960,16.056591
-7.631797,-1.130326,14.316481
-7.799981,0.030491,12.024515
-7.906000,0.367742,11.127873
-8.270345,-0.334302,10.932343
-7.345573,-0.810624,10.601714
-6.452576,-0.897249,10.813028
-5.701034,-0.194486,11.183638
-5.945821,1.274621,12.686762
-6.334587,2.450589,15.025683
-6.162061,2.781027,16.308040
-5.404959,3.655366,16.333236
-4.845610,4.256276,15.048215
-4.469657,4.501063,13.820262
-4.222474,4.540182,12.739965
-4.458707,5.394165,11.535213
-4.431775,5.459069,10.320455
-3.559812,4.643422,10.201238
-2.214401,4.411476,11.535054
-0.626352,4.392403,11.709213
-0.208063,4.957339,11.316593
-0.598201,5.056294,11.701715
-0.530990,4.023049,12.392982
-0.511416,2.209955,12.156345
-0.611360,2.584185,12.212285
-0.875471,3.906003,12.546406
-1.063014,4.610204,12.507017
-1.151945,5.618743,12.409903
-0.155330,6.492815,11.210386
0.824774,6.623453,10.447359
0.831704,6.191862,10.507554
1.149920,5.759547,10.420652
1.184925,5.471817,10.680295
1.007392,5.043912,10.718368
1.760679,4.267753,10.812477
1.965113,3.056507,11.374671
1.918523,0.581880,12.174994
2.643888,-0.949006,13.767287
2.526575,-1.588945,14.827839
2.016015,-2.387511,14.265134
1.489193,-2.258002,14.187089
2.087906,-2.033727,14.864903
1.901917,-1.637735,15.183075
1.909322,-1.554706,15.097308
1.171732,-1.153110,14.640152
0.211639,-0.412762,13.806908
0.149556,-0.629265,13.438023
0.047868,-1.273424,12.133289
0.358949,-2.036580,10.612136
0.671927,-2.171792,9.694866
0.959054,-2.937859,9.301141
1.287316,-3.393486,8.978496
1.561967,-3.658707,8.820430
3.007174,-4.095283,8.002187
4.658005,-4.628451,6.685258
5.020000,-4.526762,5.889790
5.238838,-4.409609,4.789525
5.092559,-4.643965,3.072676
5.135593,-4.973324,1.538569
5.509401,-5.786096,0.643294
5.876112,-6.615014,0.008278
6.795394,-6.504893,-0.295876
7.811469,-5.781943,0.345109
8.493712,-4.315074,0.700082
8.351389,-2.547129,0.055312
8.567146,-1.335902,-0.363674
9.372259,-0.641626,0.125585
9.148895,-0.172793,0.644281
7.730495,0.392851,1.332872
6.090916,0.134349,1.400370
5.314114,-0.332076,0.967116
4.944311,-0.812875,1.229776
4.718304,-0.730777,2.752952
4.912351,0.200475,4.866970
5.412189,0.179154,6.603210
6.093916,-0.289182,8.406288
6.762890,-0.295010,9.825368
6.314135,-0.742576,10.666045
5.551979,-0.214984,11.942368
4.700689,0.825226,13.058768
4.291664,0.946109,13.578163
3.750553,0.371870,13.159149
2.830964,-0.213909,12.011844
2.124587,-0.420126,10.904234
2.024954,-0.634562,10.289042
1.908167,-1.416071,9.439736
2.712371,-1.974188,8.400760
3.460579,-2.053670,7.189082
4.387137,-2.607160,5.992945
5.044527,-2.902298,5.705961
4.902296,-2.839848,5.507562
4.595905,-3.057548,5.459778
4.151214,-3.424861,5.819815
4.091126,-3.920897,5.435066
3.510750,-3.877780,6.163366
2.535207,-3.743245,7.405510
1.237012,-3.579163,8.137511
-0.349706,-2.604219,9.450358
-2.165343,-2.160000,9.895364
-3.512791,-2.137495,10.468648
-4.204916,-1.482950,10.745756
-5.623031,-0.637674,10.796049
-6.671999,0.218198,11.772480
-8.396214,0.599390,12.317724
-9.240905,0.767763,12.475117
-9.518050,0.862068,12.038208
-9.906375,1.345752,11.313589
-9.591799,2.440916,10.607792
-9.395519,3.346262,10.806784
-10.539536,3.719547,10.896498
-11.817763,3.984902,10.990822
-12.172145,3.939073,11.733978
-12.143797,3.319888,12.248256
-11.101501,2.372008,13.543966
-9.551746,1.014356,15.057780
-8.375356,0.697747,15.715368
-7.790344,1.351128,15.518897
-7.629882,2.730468,15.012221
-7.539841,4.318321,14.999018
-7.724771,5.351666,15.249891
-7.101060,6.099539,15.605051
-6.612074,5.953392,15.054187
-6.533305,5.889370,14.749770
-6.108065,5.501840,14.482872
-5.773512,4.426859,13.852724
-5.926514,3.424480,13.003542
-5.799176,2.381350,11.868872
-4.992041,1.427735,11.262783
-4.463022,-0.288544,9.852883
-3.847247,-2.028809,7.921376
-3.453925,-3.384541,6.737783
-3.362618,-4.942341,5.046611
-2.756915,-6.509346,3.783482
-2.629919,-7.534662,3.476025
-2.715024,-8.365134,3.171395
-2.524771,-8.726108,3.334956
-2.021300,-8.883007,4.232009
-0.713552,-9.241158,5.044796
1.082615,-9.826613,5.502588
2.974955,-10.023870,5.739144
3.905136,-9.677225,6.436834
4.987154,-9.011853,7.158846
6.052870,-7.740725,7.895772
6.281119,-7.150988,9.448758
5.931594,-6.842592,11.146355
5.606364,-6.476718,12.168424
5.076523,-6.343631,12.545146
4.532315,-5.684772,12.634222
3.871529,-4.586399,12.890865
3.080856,-2.904948,13.422955
1.898757,-0.814307,14.644641
1.232384,0.280145,15.812676
0.204262,0.721874,16.049676
-0.520615,0.095285,17.058678
-0.172039,-0.912163,16.506451
0.320465,-1.715037,16.922592
0.349909,-0.767801,14.005744
